Date,Open,High,Low,Close,Adj Close,Volume
1/4/2016,762.200012,762.200012,747.539978,759.440002,759.440002,3369100
1/5/2016,764.099976,769.200012,755.650024,761.530029,761.530029,2260800
1/6/2016,750.369995,765.72998,748,759.330017,759.330017,2410300
1/7/2016,746.48999,755.309998,735.280029,741,741,3156600
1/8/2016,747.799988,750.119995,728.919983,730.909973,730.909973,2375300
1/11/2016,731.950012,735.080017,719.559998,733.070007,733.070007,2544800
1/12/2016,740.75,748.340027,736.429993,745.340027,745.340027,2340800
1/13/2016,749.340027,753,716.780029,719.570007,719.570007,2586400
1/14/2016,724.440002,739.890015,705,731.390015,731.390015,2777900
1/15/2016,709.98999,724.159973,701.51001,710.48999,710.48999,3833800
1/19/2016,720.150024,725.349976,709.849976,719.080017,719.080017,2436200
1/20/2016,705.900024,726.950012,687.780029,718.559998,718.559998,4122000
1/21/2016,720.169983,737.669983,711.109985,726.669983,726.669983,2596900
1/22/2016,742,748.559998,740.5,745.460022,745.460022,2357300
1/25/2016,743.840027,752.460022,732.5,733.619995,733.619995,2267000
1/26/2016,735.210022,739.460022,726.969971,733.789978,733.789978,1547000
1/27/2016,735.890015,735.890015,713.450012,717.580017,717.580017,2121400
1/28/2016,738.190002,751.159973,730.599976,748.299988,748.299988,3105200
1/29/2016,748.960022,765.109985,744.200012,761.349976,761.349976,3790400
2/1/2016,771.26001,777.590027,761.380005,770.77002,770.77002,5576100
2/2/2016,800.5,810.349976,780.599976,780.909973,780.909973,6792300
2/3/2016,786.280029,791.429993,736.26001,749.380005,749.380005,6555700
2/4/2016,744.590027,745.23999,722.599976,730.030029,730.030029,5246100
2/5/2016,725.5,726.719971,700.140015,703.76001,703.76001,5477800
2/8/2016,687.679993,704.52002,682.01001,704.159973,704.159973,4470500
2/9/2016,692.950012,720.960022,688.5,701.02002,701.02002,4215000
2/10/2016,711.789978,723.219971,705.390015,706.849976,706.849976,3015700
2/11/2016,696.340027,712.320007,691.190002,706.359985,706.359985,3250200
2/12/2016,712.210022,716,701.580017,706.890015,706.890015,2326900
2/16/2016,718.650024,722.880005,710.179993,717.640015,717.640015,2172200
2/17/2016,727,733.76001,716.609985,731.969971,731.969971,2457700
2/18/2016,733.960022,736,715.549988,717.51001,717.51001,2363800
2/19/2016,715.900024,724.030029,713.119995,722.109985,722.109985,1745900
2/22/2016,729.51001,734.849976,723.450012,729.049988,729.049988,1875800
2/23/2016,726.099976,730.900024,715.669983,717.289978,717.289978,2066600
2/24/2016,710.609985,721.219971,702.02002,720.900024,720.900024,1854600
2/25/2016,722.929993,729.51001,713.22998,729.119995,729.119995,1807300
2/26/2016,733.599976,736.159973,721.940002,724.859985,724.859985,2123700
2/29/2016,721,730.599976,716.840027,717.219971,717.219971,2253400
3/1/2016,721.299988,742.330017,718.640015,742.169983,742.169983,3005600
3/2/2016,742.869995,743.119995,733.25,739.47998,739.47998,1814600
3/3/2016,739.47998,741,729.630005,731.590027,731.590027,2026700
3/4/2016,734.799988,735,725.619995,730.219971,730.219971,2425800
3/7/2016,725.150024,727.210022,705.140015,712.799988,712.799988,3084500
3/8/2016,708.390015,722.25,704,713.530029,713.530029,2626500
3/9/2016,715.169983,726.23999,712.659973,725.409973,725.409973,1977200
3/10/2016,727.789978,736.539978,723.289978,732.169983,732.169983,2230800
3/11/2016,739.950012,744.900024,736.700012,744.869995,744.869995,1769000
3/14/2016,744.969971,754.26001,743.659973,750.23999,750.23999,1641200
3/15/2016,746.02002,753.01001,742.840027,750.570007,750.570007,1491600
3/16/2016,749.049988,759,746.5,757.359985,757.359985,1465300
3/17/2016,757.650024,765.340027,757.359985,758.47998,758.47998,2228200
3/18/2016,761.630005,762.140015,751.820007,755.409973,755.409973,2811100
3/21/2016,753.909973,763.340027,751.27002,762.159973,762.159973,1438700
3/22/2016,758.440002,765,757.880005,760.049988,760.049988,1104800
3/23/2016,763.349976,765.390015,756.030029,757.559998,757.559998,1233900
3/24/2016,751.200012,757.559998,750.5,754.840027,754.840027,1555800
3/28/2016,756.169983,758.299988,752.039978,753.280029,753.280029,1083800
3/29/2016,753.679993,767.179993,748.289978,765.890015,765.890015,2003100
3/30/2016,768.210022,777.309998,767.580017,768.340027,768.340027,2019800
3/31/2016,768.340027,769.080017,758.25,762.900024,762.900024,1627700
4/1/2016,757.159973,770.039978,755.200012,769.669983,769.669983,1583700
4/4/2016,769.51001,772.440002,761.789978,765.119995,765.119995,1346200
4/5/2016,758.130005,762.869995,755.599976,758.570007,758.570007,1223900
4/6/2016,757.840027,768.419983,756.299988,768.070007,768.070007,1265600
4/7/2016,765.320007,769.359985,757.5,760.119995,760.119995,1274900
4/8/2016,765.869995,767.130005,755.77002,759.469971,759.469971,1171700
4/11/2016,765.450012,767.219971,757.340027,757.539978,757.539978,1588700
4/12/2016,758.429993,764.919983,751.570007,764.320007,764.320007,1369400
4/13/2016,770.309998,775.75,764.590027,771.909973,771.909973,1771300
4/14/2016,775.359985,779.609985,773.219971,775.390015,775.390015,1349600
4/15/2016,775.5,780.929993,774.929993,780,780,1585600
4/18/2016,780.190002,788.549988,777.609985,787.679993,787.679993,1677000
4/19/2016,790.5,790.950012,770.27002,776.25,776.25,2197600
4/20/2016,779.159973,779.659973,771.27002,774.919983,774.919983,1713100
4/21/2016,777.309998,781.679993,771.549988,780,780,3881400
4/22/2016,743.909973,753.919983,730.369995,737.77002,737.77002,7039900
4/25/2016,735.349976,744.880005,735.099976,742.210022,742.210022,2472100
4/26/2016,744.419983,745.590027,720.320007,725.369995,725.369995,2793200
4/27/2016,725.320007,727.150024,709.080017,721.460022,721.460022,3313100
4/28/2016,723.289978,729.26001,703.200012,705.059998,705.059998,3129500
4/29/2016,704.119995,712.109985,703.780029,707.880005,707.880005,2913900
5/2/2016,711.919983,715.409973,706.359985,714.409973,714.409973,1673800
5/3/2016,712.5,713.369995,707.330017,708.440002,708.440002,1931000
5/4/2016,706.77002,715.049988,704.049988,711.369995,711.369995,1708600
5/5/2016,715,717.549988,709.450012,714.710022,714.710022,1483400
5/6/2016,712.200012,725.98999,711.950012,725.179993,725.179993,1997600
5/9/2016,726.700012,734.289978,723.5,729.130005,729.130005,1903700
5/10/2016,734.960022,740,731.609985,739.380005,739.380005,1631700
5/11/2016,740.52002,740.799988,727.900024,730.549988,730.549988,1491700
5/12/2016,732,735.369995,724.27002,728.070007,728.070007,1354700
5/13/2016,726.619995,731.289978,723.51001,724.830017,724.830017,1262200
5/16/2016,724.320007,732.679993,720,730.299988,730.299988,1126900
5/17/2016,731.059998,735.849976,718,720.190002,720.190002,1670200
5/18/2016,718.5,725.570007,715.02002,721.780029,721.780029,1626800
5/19/2016,718.299988,720.5,710.309998,715.309998,715.309998,1529900
5/20/2016,716.460022,727.700012,715.01001,721.710022,721.710022,1739900
5/23/2016,719.97998,723.5,716.940002,717.25,717.25,1240800
5/24/2016,719.849976,734.200012,719.650024,733.030029,733.030029,1894200
5/25/2016,735,739.890015,732.599976,738.099976,738.099976,1610800
5/26/2016,736,741.099976,733,736.929993,736.929993,1360100
5/27/2016,737.51001,747.909973,737.01001,747.599976,747.599976,1740100
5/31/2016,748.76001,753.47998,745.570007,748.849976,748.849976,2124200
6/1/2016,748.469971,751.369995,744.340027,748.460022,748.460022,1039400
6/2/2016,746.099976,747.299988,737,744.27002,744.27002,1695800
6/3/2016,741.48999,741.48999,733.909973,735.859985,735.859985,1230400
6/6/2016,738.5,738.5,728.289978,730.059998,730.059998,1499600
6/7/2016,733.27002,736.710022,730.799988,731.090027,731.090027,1215700
6/8/2016,739.5,743.809998,735.77002,742.929993,742.929993,1615700
6/9/2016,737.070007,743.929993,736.5,742.52002,742.52002,959000
6/10/2016,735.950012,739.640015,730.51001,733.190002,733.190002,1452500
6/13/2016,729.820007,739,729.820007,731.880005,731.880005,1167700
6/14/2016,729.309998,736,726.5,733.25,733.25,1329200
6/15/2016,734.919983,737.150024,731.309998,732.190002,732.190002,1161700
6/16/2016,727.960022,730.390015,715.539978,724.25,724.25,2250100
6/17/2016,721.390015,721.390015,701.119995,704.25,704.25,4113100
6/20/2016,710.309998,715.869995,705.409973,706.130005,706.130005,2282700
6/21/2016,710.049988,715.380005,704.659973,708.880005,708.880005,1515900
6/22/2016,714.049988,714.210022,705.880005,710.469971,710.469971,1452900
6/23/2016,710.549988,714.880005,700.25,714.869995,714.869995,2125000
6/24/2016,690.169983,705,684.909973,685.200012,685.200012,4771800
6/27/2016,682.48999,683.330017,672.659973,681.140015,681.140015,2907300
6/28/2016,691.369995,692.73999,684.849976,691.26001,691.26001,1912300
6/29/2016,694.26001,699.5,692.679993,695.190002,695.190002,2156200
6/30/2016,697.650024,703.77002,694.900024,703.530029,703.530029,2112500
7/1/2016,705.099976,712.530029,703.72998,710.25,710.25,1549200
7/5/2016,705.01001,708.119995,699.130005,704.890015,704.890015,1422000
7/6/2016,699.840027,713,699,708.969971,708.969971,1445100
7/7/2016,710.109985,710.169983,700.669983,707.26001,707.26001,1058700
7/8/2016,710.559998,717.900024,708.109985,717.780029,717.780029,1497300
7/11/2016,719.419983,728.929993,718.869995,727.200012,727.200012,1441100
7/12/2016,731.919983,735.599976,727.5,732.51001,732.51001,1323400
7/13/2016,735.52002,735.52002,729.02002,729.47998,729.47998,1021800
7/14/2016,733.940002,736.140015,730.590027,735.799988,735.799988,1070400
7/15/2016,741,741,734.640015,735.630005,735.630005,1617100
7/18/2016,737.909973,755.140015,736.51001,753.200012,753.200012,1934900
7/19/2016,749.869995,756.590027,748.48999,753.409973,753.409973,1521800
7/20/2016,754.049988,760.640015,754.049988,757.080017,757.080017,1125100
7/21/2016,757,758.150024,751.52002,754.409973,754.409973,953100
7/22/2016,757.320007,759.450012,752.659973,759.280029,759.280029,1046000
7/25/2016,757.679993,759.820007,754.070007,757.52002,757.52002,1073300
7/26/2016,757.52002,759.26001,752.75,757.650024,757.650024,1189600
7/27/2016,758.969971,764.450012,755.929993,761.969971,761.969971,1608600
7/28/2016,768.840027,768.969971,759.090027,765.840027,765.840027,3673200
7/29/2016,797.710022,803.940002,790,791.340027,791.340027,5090500
8/1/2016,786.669983,807.48999,785.039978,800.940002,800.940002,3029700
8/2/2016,797.330017,802.320007,794.530029,800.119995,800.119995,1996400
8/3/2016,796.469971,799.539978,793.02002,798.919983,798.919983,1460300
8/4/2016,798.23999,800.200012,793.919983,797.25,797.25,1076000
8/5/2016,800.109985,807.219971,797.809998,806.929993,806.929993,1807300
8/8/2016,806,807.599976,801.690002,805.22998,805.22998,1221300
8/9/2016,804.48999,813.330017,804.059998,807.47998,807.47998,1607700
8/10/2016,807.049988,810.880005,806.48999,808.48999,808.48999,918500
8/11/2016,810.469971,813.880005,806,808.200012,808.200012,1282300
8/12/2016,805.090027,807.190002,803.640015,807.049988,807.049988,897300
8/15/2016,807.210022,811.359985,804.030029,805.960022,805.960022,929800
8/16/2016,803.5,804.26001,797,801.190002,801.190002,1057900
8/17/2016,800,805.630005,796.299988,805.419983,805.419983,1066100
8/18/2016,805.359985,808,801.630005,802.75,802.75,864600
8/19/2016,799.789978,801.22998,796.880005,799.650024,799.650024,1120800
8/22/2016,798.51001,799.299988,794.330017,796.950012,796.950012,852800
8/23/2016,800.47998,801,795.98999,796.590027,796.590027,917500
8/24/2016,796.859985,798.460022,790.76001,793.599976,793.599976,1283600
8/25/2016,792,794.719971,787.22998,791.299988,791.299988,1202700
8/26/2016,792.48999,799.400024,789.409973,793.219971,793.219971,1248900
8/29/2016,793.049988,798.52002,790.320007,795.820007,795.820007,773700
8/30/2016,792.880005,798,789.469971,791.919983,791.919983,1167400
8/31/2016,789.599976,791.570007,787.200012,789.849976,789.849976,1071400
9/1/2016,791.97998,792.890015,786.330017,791.400024,791.400024,1303500
9/2/2016,795.27002,797.099976,793.26001,796.869995,796.869995,1349900
9/6/2016,798.390015,810.890015,795.429993,808.02002,808.02002,1989500
9/7/2016,807.929993,810.599976,803.719971,807.98999,807.98999,1145300
9/8/2016,805.219971,808.419983,801.01001,802.840027,802.840027,1177700
9/9/2016,798.77002,801.75,788.049988,788.47998,788.47998,1887600
9/12/2016,784.52002,800.169983,783.5,798.820007,798.820007,1863700
9/13/2016,794.01001,795.789978,784.330017,788.719971,788.719971,1809000
9/14/2016,787.530029,796.330017,787.530029,790.460022,790.460022,1292100
9/15/2016,790.01001,803.650024,788.659973,801.22998,801.22998,1557200
9/16/2016,799.02002,799.02002,793.619995,797.969971,797.969971,2130600
9/19/2016,801.109985,803.98999,793.559998,795.390015,795.390015,1149500
9/20/2016,800,802.75,798.26001,799.780029,799.780029,1049200
9/21/2016,801.26001,805.909973,796.030029,805.030029,805.030029,1348500
9/22/2016,810,819.059998,807.710022,815.950012,815.950012,1759300
9/23/2016,815.140015,817,812.72998,814.960022,814.960022,1411700
9/26/2016,809.820007,810.080017,800.450012,802.650024,802.650024,1472700
9/27/2016,801.830017,813.48999,801.830017,810.72998,810.72998,1367300
9/28/2016,804.080017,810.25,802.780029,810.059998,810.059998,1470300
9/29/2016,807.22998,813.909973,800.859985,802.640015,802.640015,1350000
9/30/2016,803.599976,808.090027,801.5,804.059998,804.059998,1660200
10/3/2016,802.549988,803.539978,796.22998,800.380005,800.380005,1489200
10/4/2016,805,806.5,799.669983,802.789978,802.789978,1258700
10/5/2016,806,808.5,800.710022,801.22998,801.22998,1213800
10/6/2016,804.080017,806.950012,800.51001,803.080017,803.080017,1099900
10/7/2016,805.929993,805.940002,796.820007,800.710022,800.710022,1163100
10/10/2016,803.929993,817.380005,802.23999,814.169983,814.169983,1496100
10/11/2016,814.169983,819.859985,807.369995,809.570007,809.570007,1721600
10/12/2016,811.960022,814.5,808.549988,811.77002,811.77002,907900
10/13/2016,806.070007,806.559998,798.619995,804.080017,804.080017,1369000
10/14/2016,807.450012,810.090027,802.320007,804.599976,804.599976,1111900
10/17/2016,805.98999,813.48999,803.830017,806.840027,806.840027,1056400
10/18/2016,814.210022,828.809998,813.330017,821.48999,821.48999,2289300
10/19/2016,822.880005,829.799988,822.880005,826.840027,826.840027,1500100
10/20/2016,827.559998,828.469971,820.549988,821.630005,821.630005,1393900
10/21/2016,820,824.289978,818.309998,824.059998,824.059998,1615800
10/24/2016,830.090027,837.940002,829.039978,835.73999,835.73999,1447600
10/25/2016,838.5,838.5,825.299988,828.549988,828.549988,1890700
10/26/2016,827.119995,827.710022,816.349976,822.099976,822.099976,1794900
10/27/2016,823.01001,826.580017,814.609985,817.349976,817.349976,2973500
10/28/2016,829.940002,839,817,819.559998,819.559998,4354900
10/31/2016,822.429993,822.630005,808,809.900024,809.900024,2242700
11/1/2016,810.869995,813.960022,798.26001,805.47998,805.47998,2355900
11/2/2016,806.76001,806.76001,785,788.419983,788.419983,2350700
11/3/2016,784.5,790,778.630005,782.190002,782.190002,2175200
11/4/2016,771.299988,788.47998,771,781.099976,781.099976,1970600
11/7/2016,794.950012,805,792.900024,802.030029,802.030029,1992600
11/8/2016,802.030029,816.039978,799.619995,811.97998,811.97998,1769100
11/9/2016,801.830017,811.710022,792.039978,805.590027,805.590027,3098500
11/10/2016,810,810.059998,768.22998,780.289978,780.289978,5909600
11/11/2016,776.809998,777.289978,765.539978,771.75,771.75,3592600
11/14/2016,771.76001,771.780029,743.590027,753.219971,753.219971,3688300
11/15/2016,765.469971,780.23999,765.219971,775.159973,775.159973,2943900
11/16/2016,770.419983,783.5,766.330017,779.97998,779.97998,1798400
11/17/2016,782.5,788.900024,779.849976,786.159973,786.159973,1533700
11/18/2016,787.169983,791.289978,775.349976,775.969971,775.969971,1806300
11/21/2016,778.099976,786.549988,776.299988,784.799988,784.799988,1630800
11/22/2016,788.98999,793.77002,783.73999,785,785,1394200
11/23/2016,789.52002,789.52002,772.650024,779,779,1313000
11/25/2016,782.609985,782.900024,778.190002,780.22998,780.22998,613500
11/28/2016,778.349976,799.73999,778.099976,785.789978,785.789978,2575400
11/29/2016,788.380005,796.440002,785.340027,789.440002,789.440002,1562000
11/30/2016,789.099976,791.51001,773.150024,775.880005,775.880005,2279100
12/1/2016,778.549988,778.599976,753.359985,764.330017,764.330017,2867100
12/2/2016,761.900024,770.5,759,764.460022,764.460022,1718800
12/5/2016,770,780,766.969971,778.219971,778.219971,1688500
12/6/2016,780.190002,785.280029,773.320007,776.179993,776.179993,1734100
12/7/2016,779.950012,792,773.530029,791.469971,791.469971,2029400
12/8/2016,792.950012,799,787.909973,795.169983,795.169983,1612500
12/9/2016,799.299988,809.950012,798.049988,809.450012,809.450012,1904500
12/12/2016,804.820007,811.349976,804.530029,807.900024,807.900024,1628600
12/13/2016,812.390015,824.299988,811.940002,815.340027,815.340027,2128200
12/14/2016,815.919983,824.26001,812.780029,817.890015,817.890015,1799700
12/15/2016,817.359985,823,812,815.650024,815.650024,1769700
12/16/2016,818.309998,819.200012,808.119995,809.840027,809.840027,2598900
12/19/2016,809.280029,816.219971,804.5,812.5,812.5,1263600
12/20/2016,813.369995,816.48999,811,815.200012,815.200012,1271900
12/21/2016,815.719971,815.719971,805.099976,812.200012,812.200012,1459600
12/22/2016,809.099976,811.070007,806.030029,809.679993,809.679993,1131600
12/23/2016,808.01001,810.969971,805.109985,807.799988,807.799988,765500
12/27/2016,808.679993,816,805.799988,809.929993,809.929993,976000
12/28/2016,813.330017,813.330017,802.440002,804.570007,804.570007,1214800
12/29/2016,802.330017,805.75,798.140015,802.880005,802.880005,1057400
12/30/2016,803.210022,803.289978,789.619995,792.450012,792.450012,1735900
1/3/2017,800.619995,811.440002,796.890015,808.01001,808.01001,1959000
1/4/2017,809.890015,813.429993,804.109985,807.77002,807.77002,1515300
1/5/2017,807.5,813.73999,805.919983,813.02002,813.02002,1340500
1/6/2017,814.98999,828.960022,811.5,825.210022,825.210022,2017100
1/9/2017,826.369995,830.429993,821.619995,827.179993,827.179993,1408900
1/10/2017,827.070007,829.409973,823.140015,826.01001,826.01001,1197400
1/11/2017,826.619995,829.900024,821.469971,829.859985,829.859985,1325400
1/12/2017,828.380005,830.380005,821.01001,829.530029,829.530029,1349500
1/13/2017,831,834.650024,829.52002,830.940002,830.940002,1290200
1/17/2017,830,830.179993,823.200012,827.460022,827.460022,1440900
1/18/2017,829.799988,829.809998,824.080017,829.02002,829.02002,1027700
1/19/2017,829,833,823.960022,824.369995,824.369995,1070500
1/20/2017,829.090027,829.23999,824.599976,828.169983,828.169983,1306200
1/23/2017,831.609985,845.539978,828.700012,844.429993,844.429993,2457400
1/24/2017,846.97998,851.52002,842.280029,849.530029,849.530029,1688400
1/25/2017,853.549988,858.789978,849.73999,858.450012,858.450012,1655400
1/26/2017,859.049988,861,850.52002,856.97998,856.97998,3493300
1/27/2017,859,867,841.900024,845.030029,845.030029,3752500
1/30/2017,837.059998,837.22998,821.030029,823.830017,823.830017,3516900
1/31/2017,819.5,823.070007,813.400024,820.190002,820.190002,2020200
2/1/2017,824,824,812.25,815.23999,815.23999,2251000
2/2/2017,815,824.559998,812.049988,818.26001,818.26001,1689200
2/3/2017,823.130005,826.130005,819.349976,820.130005,820.130005,1528100
2/6/2017,820.919983,822.390015,814.289978,821.619995,821.619995,1350900
2/7/2017,825.5,831.919983,823.289978,829.22998,829.22998,1666600
2/8/2017,830.530029,834.25,825.109985,829.880005,829.880005,1302200
2/9/2017,831.72998,831.97998,826.5,830.059998,830.059998,1194200
2/10/2017,832.950012,837.150024,830.51001,834.849976,834.849976,1415100
2/13/2017,837.700012,841.73999,836.25,838.960022,838.960022,1295700
2/14/2017,839.77002,842,835.830017,840.030029,840.030029,1363300
2/15/2017,838.809998,841.77002,836.219971,837.320007,837.320007,1357200
2/16/2017,838.5,842.690002,837.26001,842.169983,842.169983,1005100
2/17/2017,841.309998,846.940002,839.780029,846.549988,846.549988,1461200
2/21/2017,847.98999,852.200012,846.549988,849.27002,849.27002,1260300
2/22/2017,848,853.789978,846.710022,851.359985,851.359985,1224400
2/23/2017,851.080017,852.619995,842.5,851,851,1386700
2/24/2017,847.650024,848.359985,842.960022,847.809998,847.809998,1346200
2/27/2017,844.950012,850.669983,843.01001,849.669983,849.669983,1010300
2/28/2017,847.349976,848.830017,841.440002,844.929993,844.929993,1383100
3/1/2017,851.380005,858,849.02002,856.75,856.75,1818700
3/2/2017,856.309998,856.48999,848.719971,849.849976,849.849976,1250900
3/3/2017,848.940002,850.820007,844.710022,849.080017,849.080017,1005000
3/6/2017,846.859985,848.940002,841.169983,847.27002,847.27002,1047900
3/7/2017,847.26001,853.330017,845.52002,851.150024,851.150024,1038700
3/8/2017,853.119995,856.929993,851.25,853.640015,853.640015,1028800
3/9/2017,853.690002,860.710022,852.669983,857.840027,857.840027,1347700
3/10/2017,862.700012,864.22998,857.609985,861.409973,861.409973,1336600
3/13/2017,860.830017,867.130005,860.820007,864.580017,864.580017,1166600
3/14/2017,863.75,867.580017,860.130005,865.909973,865.909973,1061700
3/15/2017,867.940002,869.880005,861.299988,868.390015,868.390015,1332900
3/16/2017,870.530029,872.710022,867.52002,870,870,1104500
3/17/2017,873.679993,874.419983,868.369995,872.369995,872.369995,1868300
3/20/2017,869.47998,870.340027,864.669983,867.909973,867.909973,1542200
3/21/2017,870.059998,873.469971,847.690002,850.140015,850.140015,2538000
3/22/2017,849.47998,855.349976,847,849.799988,849.799988,1366700
3/23/2017,841.390015,841.690002,833,839.650024,839.650024,3287700
3/24/2017,842,844,829.099976,835.140015,835.140015,2105700
3/27/2017,828.090027,841.380005,824.299988,838.51001,838.51001,1934600
3/28/2017,839.690002,845.400024,832.27002,840.630005,840.630005,1519200
3/29/2017,842.75,851.590027,841.380005,849.869995,849.869995,1457300
3/30/2017,851.97998,852,846.77002,849.47998,849.47998,949400
3/31/2017,846.830017,849.559998,845.23999,847.799988,847.799988,1441000
4/3/2017,848.75,859,847.530029,856.75,856.75,1969400
4/4/2017,848,853,847.51001,852.570007,852.570007,1348500
4/5/2017,854.710022,860.590027,847.52002,848.909973,848.909973,1855200
4/6/2017,849.5,853.590027,844,845.099976,845.099976,1533600
4/7/2017,845,845.880005,837.299988,842.099976,842.099976,1111600
4/10/2017,841.539978,846.73999,840.789978,841.700012,841.700012,1046200
4/11/2017,841.700012,844.630005,834.599976,839.880005,839.880005,974300
4/12/2017,838.460022,843.719971,837.590027,841.460022,841.460022,1135800
4/13/2017,841.039978,843.72998,837.849976,840.179993,840.179993,1073700
4/17/2017,841.380005,855.640015,841.030029,855.130005,855.130005,1049100
4/18/2017,852.539978,857.390015,851.25,853.98999,853.98999,936200
4/19/2017,857.390015,860.200012,853.530029,856.51001,856.51001,1080300
4/20/2017,859.73999,863.929993,857.5,860.080017,860.080017,1188800
4/21/2017,860.619995,862.440002,857.72998,858.950012,858.950012,1172900
4/24/2017,868.440002,879.960022,866.109985,878.929993,878.929993,1696500
4/25/2017,882.26001,892.25,879.280029,888.840027,888.840027,2038000
4/26/2017,891.390015,892.98999,885.150024,889.140015,889.140015,1323300
4/27/2017,890,893.380005,887.179993,891.440002,891.440002,2342300
4/28/2017,929,935.900024,923.219971,924.52002,924.52002,3845900
5/1/2017,924.150024,935.820007,920.799988,932.820007,932.820007,2327800
5/2/2017,933.27002,942.98999,931,937.090027,937.090027,1751300
5/3/2017,936.049988,950.200012,935.210022,948.450012,948.450012,1824800
5/4/2017,950.289978,959.140015,947.369995,954.719971,954.719971,1937600
5/5/2017,956.719971,958.440002,948.099976,950.280029,950.280029,1615500
5/8/2017,947.450012,960.98999,947.400024,958.690002,958.690002,1876700
5/9/2017,961.330017,962.200012,954.400024,956.710022,956.710022,1687900
5/10/2017,956.219971,956.710022,949.840027,954.840027,954.840027,1146000
5/11/2017,951.289978,957.98999,948.609985,955.890015,955.890015,1031100
5/12/2017,957.849976,957.97998,952.059998,955.140015,955.140015,1214900
5/15/2017,955.289978,962.700012,952.820007,959.219971,959.219971,1337700
5/16/2017,963.549988,965.900024,960.349976,964.609985,964.609985,1101500
5/17/2017,959.700012,960.98999,940.059998,942.169983,942.169983,2449100
5/18/2017,943.200012,954.179993,941.27002,950.5,950.5,1800500
5/19/2017,952.820007,959.559998,952,954.650024,954.650024,1360300
5/22/2017,957,964.820007,956.559998,964.070007,964.070007,1387400
5/23/2017,969.960022,974.51001,964.5,970.549988,970.549988,1545400
5/24/2017,975.26001,978.119995,971.630005,977.609985,977.609985,1133000
5/25/2017,979,995.780029,977.820007,991.859985,991.859985,1954100
5/26/2017,992,996.390015,987.359985,993.27002,993.27002,1636400
5/30/2017,992.5,997.619995,991.359985,996.169983,996.169983,1516200
5/31/2017,996.210022,999.599976,981.679993,987.090027,987.090027,1724100
6/1/2017,990.960022,993.140015,981.289978,988.289978,988.289978,1306400
6/2/2017,988.590027,996.47998,987.070007,996.119995,996.119995,1735500
6/5/2017,997.890015,1007.400024,995.450012,1003.880005,1003.880005,1378900
6/6/2017,1003.309998,1008.609985,994.799988,996.679993,996.679993,1552100
6/7/2017,999.090027,1003.909973,995.869995,1001.5,1001.5,1374100
6/8/2017,1004.22998,1005.599976,996.619995,1004.280029,1004.280029,1687900
6/9/2017,1005.48999,1005.5,953.369995,970.119995,970.119995,3647900
6/12/2017,958.719971,968,936.799988,961.809998,961.809998,4202100
6/13/2017,972.039978,977.909973,962.01001,970.5,970.5,2005400
6/14/2017,975.5,979.700012,959.51001,967.929993,967.929993,1505500
6/15/2017,948.02002,960.679993,940.369995,960.179993,960.179993,2427600
6/16/2017,957.909973,959.950012,948.700012,958.619995,958.619995,2559200
6/19/2017,969.650024,979.299988,968.200012,975.219971,975.219971,1468800
6/20/2017,975.309998,980.789978,968.200012,968.98999,968.98999,1297300
6/21/2017,970.789978,979.549988,969.450012,978.590027,978.590027,1161600
6/22/2017,976.869995,980.5,973.309998,976.619995,976.619995,1009500
6/23/2017,975.5,986.619995,974.460022,986.090027,986.090027,1564000
6/26/2017,990,993.98999,970.330017,972.090027,972.090027,1517900
6/27/2017,961.599976,967.219971,947.090027,948.090027,948.090027,2443600
6/28/2017,950.659973,963.23999,936.159973,961.01001,961.01001,2745600
6/29/2017,951.349976,951.659973,929.599976,937.820007,937.820007,3206700
6/30/2017,943.98999,945,929.609985,929.679993,929.679993,2287700
7/3/2017,933.219971,934.23999,915.309998,919.460022,919.460022,1694800
7/5/2017,924.200012,936.289978,918.630005,932.26001,932.26001,2094100
7/6/2017,925,936.140015,919.849976,927.690002,927.690002,2014900
7/7/2017,930.98999,944.659973,929.789978,940.809998,940.809998,1663300
7/10/2017,941.950012,953.130005,941.950012,951,951,1451500
7/11/2017,950.52002,954.890015,945.119995,953.530029,953.530029,1461200
7/12/2017,960.859985,969.630005,957.039978,967.659973,967.659973,1602100
7/13/2017,970.799988,978.700012,964.799988,968.849976,968.849976,1524600
7/14/2017,974,977.539978,970.150024,976.909973,976.909973,1079600
7/17/2017,976.320007,983.349976,970.799988,975.960022,975.960022,1660500
7/18/2017,973.359985,990.849976,972.039978,986.950012,986.950012,1413300
7/19/2017,990.01001,995.599976,987.01001,992.77002,992.77002,1412100
7/20/2017,997,998.679993,984.619995,992.190002,992.190002,1418400
7/21/2017,989,995.109985,984.169983,993.840027,993.840027,1463300
7/24/2017,994.099976,1006.190002,990.27002,998.309998,998.309998,3984500
7/25/2017,970.700012,976.72998,963.799988,969.030029,969.030029,5933600
7/26/2017,972.780029,973.950012,960.22998,965.309998,965.309998,2221600
7/27/2017,969.179993,969.52002,937.059998,952.51001,952.51001,3717900
7/28/2017,947.98999,961.789978,945.309998,958.330017,958.330017,1813800
7/31/2017,960,961.190002,941.72998,945.5,945.5,2283500
8/1/2017,947.809998,954.48999,944.960022,946.559998,946.559998,1402600
8/2/2017,948.369995,949.099976,932.52002,947.640015,947.640015,2039400
8/3/2017,949.099976,950,939.440002,940.299988,940.299988,1123900
8/4/2017,943.950012,947.539978,939.799988,945.789978,945.789978,1254600
8/7/2017,947.52002,948.960022,943.5,945.75,945.75,1445800
8/8/2017,944.289978,952.48999,942.47998,944.190002,944.190002,1505100
8/9/2017,938.450012,943.76001,933.919983,940.080017,940.080017,1400900
8/10/2017,935,936.299988,921.780029,923.590027,923.590027,2707400
8/11/2017,923.710022,933.359985,921.219971,930.090027,930.090027,1616700
8/14/2017,939.070007,941.039978,934.48999,938.929993,938.929993,1150600
8/15/2017,941.030029,943.070007,936.640015,938.080017,938.080017,1106500
8/16/2017,941.25,949.900024,940.039978,944.27002,944.27002,1345300
8/17/2017,942.950012,943.809998,927.640015,927.659973,927.659973,1695700
8/18/2017,926.97998,931.02002,923.450012,926.179993,926.179993,1337400
8/21/2017,925.77002,928.25,918.599976,920.869995,920.869995,1301200
8/22/2017,926.960022,941.960022,926.169983,940.400024,940.400024,1775100
8/23/2017,937,945.429993,935.23999,942.580017,942.580017,1134500
8/24/2017,943.710022,946.309998,930.73999,936.890015,936.890015,1294600
8/25/2017,939.210022,940.72998,930.099976,930.5,930.5,1187300
8/28/2017,931.880005,934.849976,926.109985,928.130005,928.130005,1049400
8/29/2017,919.950012,938.190002,919.309998,935.75,935.75,1158600
8/30/2017,935.669983,945.859985,934.049988,943.630005,943.630005,1120300
8/31/2017,946.299988,957.200012,946.25,955.23999,955.23999,1693300
9/1/2017,957.469971,958.330017,950.280029,951.98999,951.98999,1042900
9/5/2017,946.859985,951.390015,935.599976,941.47998,941.47998,1457400
9/6/2017,943.869995,944.5,932.679993,942.02002,942.02002,1391500
9/7/2017,944.25,950.5,937.530029,949.890015,949.890015,1116600
9/8/2017,949.700012,950.700012,940.01001,941.409973,941.409973,999900
9/11/2017,947.200012,952.679993,941,943.289978,943.289978,1337400
9/12/2017,946.919983,948.090027,937.5,946.650024,946.650024,1284800
9/13/2017,945.5,952.849976,944.73999,950.440002,950.440002,1095400
9/14/2017,946,948.030029,938.359985,940.130005,940.130005,1427400
9/15/2017,940.090027,941.75,931.25,935.289978,935.289978,1994300
9/18/2017,935.01001,936.859985,925.400024,929.75,929.75,1473700
9/19/2017,933.409973,937.940002,926.659973,936.859985,936.859985,1242700
9/20/2017,937.72998,950,937.5,947.539978,947.539978,2004000
9/21/2017,948.130005,952.799988,939.380005,947.549988,947.549988,1370700
9/22/2017,942.77002,950,940.840027,943.26001,943.26001,1074800
9/25/2017,939.450012,939.75,924.51001,934.280029,934.280029,1873400
9/26/2017,936.690002,944.080017,935.119995,937.429993,937.429993,1672700
9/27/2017,942.73999,965.429993,941.950012,959.900024,959.900024,2334600
9/28/2017,956.25,966.179993,955.549988,964.809998,964.809998,1400900
9/29/2017,966,975.809998,966,973.719971,973.719971,2031100
10/2/2017,975.650024,977.73999,961.950012,967.469971,967.469971,1539100
10/3/2017,967.559998,972.440002,962.710022,972.080017,972.080017,1083300
10/4/2017,971.76001,974.400024,965.609985,966.780029,966.780029,1057800
10/5/2017,972.789978,986.51001,970.27002,985.190002,985.190002,1780900
10/6/2017,980,994.26001,978.51001,993.640015,993.640015,1553000
10/9/2017,995,1000.460022,991.5,992.309998,992.309998,1295500
10/10/2017,995.299988,997.469971,981.109985,987.799988,987.799988,1163400
10/11/2017,989.039978,1007.570007,987.940002,1005.650024,1005.650024,1815000
10/12/2017,1003.840027,1011.539978,1001.099976,1005.650024,1005.650024,1530700
10/13/2017,1009.109985,1014.76001,1007.059998,1007.869995,1007.869995,1327600
10/16/2017,1009.630005,1012,1001.52002,1009.349976,1009.349976,1071000
10/17/2017,1007.440002,1014.559998,1006.049988,1011,1011,1013000
10/18/2017,1011.049988,1016.309998,1005.320007,1012.73999,1012.73999,1279800
10/19/2017,1004.75,1007.320007,997.299988,1001.840027,1001.840027,1714200
10/20/2017,1007.049988,1008.650024,1002.27002,1005.070007,1005.070007,1606000
10/23/2017,1005.179993,1005.789978,983.099976,985.539978,985.539978,1639300
10/24/2017,986.5,989.26001,977.080017,988.48999,988.48999,1445100
10/25/2017,986.27002,994.429993,977.719971,991.460022,991.460022,1528700
10/26/2017,998.469971,1006.51001,990.469971,991.419983,991.419983,2369800
10/27/2017,1030.98999,1063.619995,1026.849976,1033.670044,1033.670044,5184100
10/30/2017,1029.160034,1039.829956,1022.330017,1033.130005,1033.130005,2340200
10/31/2017,1033,1041,1026.300049,1033.040039,1033.040039,1516300
11/1/2017,1036.319946,1047.859985,1034,1042.599976,1042.599976,2163100
11/2/2017,1039.98999,1045.52002,1028.660034,1042.969971,1042.969971,1334700
11/3/2017,1042.75,1050.660034,1037.650024,1049.98999,1049.98999,1388500
11/6/2017,1049.099976,1052.589966,1042,1042.680054,1042.680054,914700
11/7/2017,1049.650024,1053.410034,1043,1052.390015,1052.390015,1305200
11/8/2017,1050.050049,1062.689941,1047.050049,1058.290039,1058.290039,1213800
11/9/2017,1048,1050.880005,1035.849976,1047.719971,1047.719971,1794600
11/10/2017,1043.869995,1046.630005,1041.219971,1044.150024,1044.150024,972100
11/13/2017,1040.800049,1048.73999,1039.26001,1041.199951,1041.199951,940700
11/14/2017,1037.719971,1042.300049,1029.329956,1041.640015,1041.640015,1050600
11/15/2017,1035,1039.630005,1030.76001,1036.410034,1036.410034,905300
11/16/2017,1038.75,1051.76001,1038,1048.469971,1048.469971,1188400
11/17/2017,1049.800049,1051,1033.72998,1035.890015,1035.890015,1335600
11/20/2017,1036,1038.699951,1032.680054,1034.660034,1034.660034,876300
11/21/2017,1040.040039,1050.390015,1039.140015,1050.300049,1050.300049,1110300
11/22/2017,1051.160034,1055.430054,1047.25,1051.920044,1051.920044,726900
11/24/2017,1054.390015,1060.069946,1051.920044,1056.52002,1056.52002,824600
11/27/2017,1058.569946,1073.040039,1054.77002,1072.01001,1072.01001,1771500
11/28/2017,1073.98999,1080,1054.540039,1063.290039,1063.290039,1821200
11/29/2017,1056.180054,1058.77002,1029.650024,1037.380005,1037.380005,2793300
11/30/2017,1039.939941,1044.140015,1030.069946,1036.170044,1036.170044,2254600
12/1/2017,1030.410034,1037.23999,1016.900024,1025.069946,1025.069946,1888100
12/4/2017,1027.800049,1031.339966,1009.219971,1011.869995,1011.869995,1938900
12/5/2017,1010.98999,1036.680054,1002.320007,1019.599976,1019.599976,1949900
12/6/2017,1016.52002,1039.579956,1015.309998,1032.719971,1032.719971,1435500
12/7/2017,1036.069946,1048.920044,1035.359985,1044.569946,1044.569946,1543300
12/8/2017,1051.810059,1056.420044,1045.859985,1049.380005,1049.380005,1558500
12/11/2017,1051.109985,1056,1044.119995,1051.969971,1051.969971,1162700
12/12/2017,1050,1062.5,1044.869995,1048.77002,1048.77002,1694100
12/13/2017,1052.079956,1055.47998,1046.579956,1051.390015,1051.390015,1384000
12/14/2017,1055.48999,1067.079956,1053.599976,1057.469971,1057.469971,1548100
12/15/2017,1063.780029,1075.25,1060.089966,1072,1072,3188000
12/18/2017,1076.449951,1086.48999,1070.369995,1085.089966,1085.089966,1514600
12/19/2017,1083.02002,1084.969971,1072.27002,1079.780029,1079.780029,1317500
12/20/2017,1080.920044,1081.22998,1068.599976,1073.560059,1073.560059,1436400
12/21/2017,1075.390015,1077.52002,1069,1070.849976,1070.849976,1282000
12/22/2017,1070,1071.719971,1067.640015,1068.859985,1068.859985,889400
12/26/2017,1068.640015,1068.859985,1058.640015,1065.849976,1065.849976,918800
12/27/2017,1066.599976,1068.27002,1058.380005,1060.199951,1060.199951,1116200
12/28/2017,1062.25,1064.839966,1053.380005,1055.949951,1055.949951,994200
12/29/2017,1055.48999,1058.050049,1052.699951,1053.400024,1053.400024,1180300
1/2/2018,1053.02002,1075.97998,1053.02002,1073.209961,1073.209961,1588300
1/3/2018,1073.930054,1096.099976,1073.430054,1091.52002,1091.52002,1565900
1/4/2018,1097.089966,1104.079956,1094.26001,1095.76001,1095.76001,1302600
1/5/2018,1103.449951,1113.579956,1101.800049,1110.290039,1110.290039,1512500
1/8/2018,1111,1119.160034,1110,1114.209961,1114.209961,1232200
1/9/2018,1118.439941,1118.439941,1108.199951,1112.790039,1112.790039,1340400
1/10/2018,1107,1112.780029,1103.97998,1110.140015,1110.140015,1036700
1/11/2018,1112.310059,1114.849976,1106.47998,1112.050049,1112.050049,1121200
1/12/2018,1110.099976,1131.300049,1108.01001,1130.650024,1130.650024,1929300
1/16/2018,1140.310059,1148.880005,1126.660034,1130.699951,1130.699951,1823100
1/17/2018,1136.359985,1139.319946,1123.48999,1139.099976,1139.099976,1391500
1/18/2018,1139.349976,1140.589966,1124.459961,1135.969971,1135.969971,1374900
1/19/2018,1138.030029,1143.780029,1132.5,1143.5,1143.5,1527600
1/22/2018,1143.819946,1166.880005,1141.819946,1164.160034,1164.160034,1477500
1/23/2018,1170.619995,1178.51001,1167.25,1176.170044,1176.170044,1956900
1/24/2018,1184.97998,1187.050049,1167.400024,1171.290039,1171.290039,1856400
1/25/2018,1180.709961,1185,1171.839966,1182.140015,1182.140015,1499200
1/26/2018,1187.530029,1187.560059,1168.030029,1187.560059,1187.560059,2108500
1/29/2018,1188,1198,1184.060059,1186.47998,1186.47998,1574700
1/30/2018,1177.719971,1187.930054,1174.51001,1177.369995,1177.369995,1866900
1/31/2018,1183.810059,1186.319946,1172.099976,1182.219971,1182.219971,1801100
2/1/2018,1175.98999,1187.449951,1169.359985,1181.589966,1181.589966,3675700
2/2/2018,1127.420044,1131.300049,1111.170044,1119.199951,1119.199951,5892100
2/5/2018,1100.609985,1114.98999,1056.73999,1062.390015,1062.390015,4177500
2/6/2018,1033.97998,1087.380005,1030.01001,1084.430054,1084.430054,3831500
2/7/2018,1084.969971,1086.530029,1054.619995,1055.410034,1055.410034,2597100
2/8/2018,1059.869995,1063.930054,1004.700012,1007.710022,1007.710022,3339600
2/9/2018,1025.880005,1051.719971,997,1046.27002,1046.27002,4918000
2/12/2018,1056.670044,1065.569946,1045.48999,1054.560059,1054.560059,2812000
2/13/2018,1050,1061.219971,1046.920044,1054.140015,1054.140015,1579300
2/14/2018,1054.319946,1075.469971,1049.800049,1072.699951,1072.699951,2065200
2/15/2018,1083.449951,1094.099976,1067.22998,1091.359985,1091.359985,1869800
2/16/2018,1093.380005,1108.310059,1091.550049,1095.5,1095.5,1997400
2/20/2018,1092.76001,1116.290039,1090,1103.589966,1103.589966,1687700
2/21/2018,1109.099976,1136.199951,1107.51001,1113.75,1113.75,2074300
2/22/2018,1119.170044,1125.459961,1105.150024,1109.900024,1109.900024,1400500
2/23/2018,1118.660034,1129,1108.439941,1128.089966,1128.089966,1264600
2/26/2018,1131.859985,1144.199951,1129.339966,1143.699951,1143.699951,1545600
2/27/2018,1143.699951,1144.25,1116.790039,1117.51001,1117.51001,2148200
2/28/2018,1122,1127.650024,1103,1103.920044,1103.920044,2464600
3/1/2018,1109.540039,1111.27002,1067.290039,1071.410034,1071.410034,2766900
3/2/2018,1057.97998,1086.890015,1050.109985,1084.140015,1084.140015,2508100
3/5/2018,1078.130005,1101.180054,1072.27002,1094.76001,1094.76001,1432400
3/6/2018,1102.099976,1105.630005,1094.5,1100.900024,1100.900024,1169100
3/7/2018,1092.819946,1116.199951,1089.910034,1115.040039,1115.040039,1537400
3/8/2018,1117.199951,1131.439941,1117.199951,1129.380005,1129.380005,1693100
3/9/2018,1139.5,1161,1134.290039,1160.839966,1160.839966,2133100
3/12/2018,1165.050049,1178.160034,1159.199951,1165.930054,1165.930054,2215300
3/13/2018,1171.829956,1178,1134.569946,1139.910034,1139.910034,2157000
3/14/2018,1145.800049,1159.76001,1142.349976,1148.890015,1148.890015,2093500
3/15/2018,1149.569946,1162.5,1135.660034,1150.609985,1150.609985,1669100
3/16/2018,1155.349976,1156.810059,1131.359985,1134.420044,1134.420044,2932800
3/19/2018,1117.76001,1119.369995,1088.920044,1100.069946,1100.069946,3182800
3/20/2018,1098.400024,1105.550049,1082.420044,1095.800049,1095.800049,2729900
3/21/2018,1092.569946,1108.699951,1087.209961,1094,1094,2244900
3/22/2018,1080.01001,1083.920044,1049.640015,1053.150024,1053.150024,3465600
3/23/2018,1051.369995,1066.780029,1024.869995,1026.550049,1026.550049,2494000
3/26/2018,1050.599976,1059.27002,1010.580017,1054.089966,1054.089966,3299200
3/27/2018,1063.900024,1064.540039,997.619995,1006.940002,1006.940002,3040800
3/28/2018,1001.909973,1024.98999,984,1005.179993,1005.179993,3884900
3/29/2018,1011.210022,1048.050049,1004.039978,1037.140015,1037.140015,3466900
4/2/2018,1027.619995,1039.530029,994.25,1012.630005,1012.630005,3253400
4/3/2018,1016.150024,1025,997.25,1018.679993,1018.679993,2566100
4/4/2018,998.22998,1032.73999,996.51001,1029.709961,1029.709961,2536200
4/5/2018,1046.390015,1046.709961,1024,1032.640015,1032.640015,1791800
4/6/2018,1023.099976,1036,1006.25,1009.950012,1009.950012,2006700
4/9/2018,1020.039978,1044.589966,1019.200012,1020.090027,1020.090027,1661000
4/10/2018,1030.26001,1041.209961,1015.409973,1036.5,1036.5,1831000
4/11/2018,1032,1035.869995,1019.200012,1025.060059,1025.060059,1703000
4/12/2018,1031.469971,1044.650024,1026.050049,1037.290039,1037.290039,1644800
4/13/2018,1046.890015,1052.97998,1030.150024,1036.040039,1036.040039,1270500
4/16/2018,1045.550049,1051.430054,1033.920044,1046.099976,1046.099976,1488800
4/17/2018,1061.199951,1085,1057.089966,1079.359985,1079.359985,2729200
4/18/2018,1079.01001,1082,1070.52002,1075.390015,1075.390015,1556300
4/19/2018,1069.02002,1097.51001,1069.02002,1089.449951,1089.449951,1994200
4/20/2018,1084.27002,1094.75,1072.099976,1077.319946,1077.319946,2121700
4/23/2018,1082.97998,1088,1066.680054,1073.810059,1073.810059,3479500
4/24/2018,1059.199951,1064.48999,1012.859985,1022.640015,1022.640015,6411000
4/25/2018,1029.75,1036.069946,1017.01001,1022.98999,1022.98999,2893000
4/26/2018,1033.219971,1052.02002,1020.450012,1043.310059,1043.310059,2546300
4/27/2018,1045.540039,1051.699951,1027.589966,1031.449951,1031.449951,2037300
4/30/2018,1034.420044,1038.369995,1018.299988,1018.580017,1018.580017,1724600
5/1/2018,1016.299988,1041.72998,1010.609985,1040.75,1040.75,1766300
5/2/2018,1034,1043.97998,1023.159973,1026.050049,1026.050049,1734900
5/3/2018,1025.369995,1030.689941,1007.890015,1026.300049,1026.300049,1964100
5/4/2018,1019.609985,1051.880005,1018.049988,1051,1051,1844600
5/7/2018,1053.890015,1065,1050.27002,1059.459961,1059.459961,1720000
5/8/2018,1064.619995,1065.22998,1051.640015,1058.589966,1058.589966,1301500
5/9/2018,1064.099976,1094,1062.109985,1088.949951,1088.949951,2358000
5/10/2018,1095,1109.410034,1093.880005,1105.469971,1105.469971,1820700
5/11/2018,1100.410034,1109.01001,1097.219971,1103.380005,1103.380005,1525200
5/14/2018,1105.569946,1118.150024,1104.800049,1106.599976,1106.599976,1966900
5/15/2018,1096.900024,1099.119995,1078.780029,1084.869995,1084.869995,1786900
5/16/2018,1085.089966,1094.380005,1081.630005,1084.089966,1084.089966,1281400
5/17/2018,1081.459961,1091,1076.420044,1081.26001,1081.26001,1286900
5/18/2018,1066,1073.72998,1064.680054,1069.640015,1069.640015,1774100
5/21/2018,1079,1093.300049,1078,1084.01001,1084.01001,1259000
5/22/2018,1089.800049,1091.800049,1072.26001,1075.310059,1075.310059,1111300
5/23/2018,1070,1088,1066.959961,1085.959961,1085.959961,1187000
5/24/2018,1086.900024,1087.119995,1072.300049,1085.449951,1085.449951,1030200
5/25/2018,1086.550049,1089.569946,1082.599976,1084.079956,1084.079956,1111200
5/29/2018,1076,1081.339966,1063.079956,1068.069946,1068.069946,1803800
5/30/2018,1073.47998,1078.98999,1066.550049,1077.469971,1077.469971,1434300
5/31/2018,1082,1110,1078,1100,1100,3968400
6/1/2018,1112.869995,1138.160034,1112.01001,1135,1135,3160100
6/4/2018,1138.5,1157.859985,1137,1153.040039,1153.040039,2237700
6/5/2018,1154.660034,1161.099976,1147.459961,1151.02002,1151.02002,1648200
6/6/2018,1152.77002,1154.709961,1136.319946,1146.949951,1146.949951,1746700
6/7/2018,1144.579956,1145.869995,1126.119995,1134.420044,1134.420044,1805400
6/8/2018,1131.209961,1138.780029,1123.22998,1132.709961,1132.709961,1364200
6/11/2018,1132.939941,1147.73999,1131.400024,1140.900024,1140.900024,1239800
6/12/2018,1141.02002,1148.75,1141.02002,1148.189941,1148.189941,1304600
6/13/2018,1152.280029,1155.640015,1143.380005,1144.22998,1144.22998,1715100
6/14/2018,1152.209961,1165.98999,1150.599976,1160.109985,1160.109985,1771100
6/15/2018,1159.920044,1163.910034,1153.689941,1159.27002,1159.27002,2221900
6/18/2018,1152.689941,1184.130005,1151,1183.579956,1183.579956,1651900
6/19/2018,1170.109985,1182.810059,1161.609985,1178.689941,1178.689941,2364100
6/20/2018,1183.300049,1201.48999,1182.030029,1184.069946,1184.069946,2584300
6/21/2018,1185.51001,1190.329956,1163.47998,1169.439941,1169.439941,2248300
6/22/2018,1171.48999,1175,1159.650024,1169.290039,1169.290039,1711000
6/25/2018,1155,1155.98999,1119.900024,1139.280029,1139.280029,2884100
6/26/2018,1144.140015,1146.869995,1129,1132.619995,1132.619995,1734400
6/27/2018,1136,1146.209961,1116.699951,1116.939941,1116.939941,1726900
6/28/2018,1112.390015,1134,1106.069946,1126.780029,1126.780029,1486300
6/29/2018,1132.310059,1141.359985,1127.02002,1129.189941,1129.189941,1578100
7/2/2018,1115.349976,1142.98999,1106.599976,1142.109985,1142.109985,1160800
7/3/2018,1149.420044,1149.910034,1114.430054,1116.280029,1116.280029,822400
7/5/2018,1124.599976,1144.140015,1123.119995,1141.290039,1141.290039,1429700
7/6/2018,1141.77002,1156.199951,1137.23999,1155.079956,1155.079956,1091000
7/9/2018,1160,1167.930054,1157.22998,1167.280029,1167.280029,1079200
7/10/2018,1169.98999,1173.5,1162.560059,1167.140015,1167.140015,1066700
7/11/2018,1155.619995,1180.439941,1155.369995,1171.459961,1171.459961,1662600
7/12/2018,1174.859985,1201.98999,1173.099976,1201.26001,1201.26001,2207400
7/13/2018,1202.800049,1210.439941,1195.290039,1204.420044,1204.420044,1630600
7/16/2018,1203.810059,1208.709961,1193.400024,1196.51001,1196.51001,1339200
7/17/2018,1182.73999,1218.76001,1182,1213.079956,1213.079956,2008100
7/18/2018,1208.530029,1221.589966,1204.560059,1212.910034,1212.910034,1947400
7/19/2018,1206.650024,1216.47998,1197.72998,1199.099976,1199.099976,1916900
7/20/2018,1199.23999,1210.77002,1196.589966,1197.880005,1197.880005,1896900
7/23/2018,1195.660034,1215.099976,1192.01001,1211,1211,3272300
7/24/2018,1271,1275,1244.140015,1258.150024,1258.150024,5380000
7/25/2018,1252.619995,1278.23999,1249.050049,1275.939941,1275.939941,2555200
7/26/2018,1267.180054,1287.400024,1263,1285.5,1285.5,2734300
7/27/2018,1289.119995,1291.439941,1244.48999,1252.890015,1252.890015,2418100
7/30/2018,1245.050049,1252.890015,1224.170044,1230.040039,1230.040039,2194800
7/31/2018,1231.709961,1241.209961,1216.189941,1227.219971,1227.219971,1969100
8/1/2018,1239.109985,1245.900024,1224.939941,1232.98999,1232.98999,1849700
8/2/2018,1218.5,1244.410034,1218.060059,1241.130005,1241.130005,1735200
8/3/2018,1245.180054,1246.52002,1229.420044,1238.160034,1238.160034,1063200
8/6/2018,1241.609985,1242.459961,1230.530029,1237.670044,1237.670044,1105700
8/7/2018,1252.01001,1266.079956,1251.800049,1255.839966,1255.839966,2125300
8/8/2018,1256.719971,1271.719971,1252.119995,1261.329956,1261.329956,1717200
8/9/2018,1262.72998,1271.959961,1260.099976,1264.459961,1264.459961,1366300
8/10/2018,1259.180054,1261.199951,1247.160034,1252.51001,1252.51001,1330100
8/13/2018,1251.199951,1265.969971,1247.030029,1248.640015,1248.640015,1375000
8/14/2018,1252.5,1260.589966,1239.540039,1258.140015,1258.140015,1404000
8/15/2018,1244.280029,1251.97998,1226.23999,1232.219971,1232.219971,1852600
8/16/2018,1241.98999,1243.699951,1219.630005,1224.060059,1224.060059,1608800
8/17/2018,1222.040039,1226.949951,1204,1215.849976,1215.849976,1654600
8/20/2018,1220.660034,1225.910034,1208.699951,1221.949951,1221.949951,1110900
8/21/2018,1223.02002,1232.76001,1215.030029,1217.410034,1217.410034,1154100
8/22/2018,1214.219971,1226.530029,1213.219971,1221.75,1221.75,1114800
8/23/2018,1219.880005,1235.170044,1219.349976,1221.160034,1221.160034,1233300
8/24/2018,1226,1237.400024,1221.420044,1236.75,1236.75,1222700
8/27/2018,1244.140015,1257.869995,1240.680054,1256.27002,1256.27002,1429000
8/28/2018,1255.900024,1256.560059,1242.969971,1245.859985,1245.859985,1366500
8/29/2018,1255,1267.170044,1252.800049,1264.650024,1264.650024,1846300
8/30/2018,1263.400024,1269.48999,1247.209961,1254.439941,1254.439941,1505200
8/31/2018,1252.209961,1252.550049,1225.75,1231.800049,1231.800049,2115400
9/4/2018,1222.52002,1227.869995,1206.560059,1211.310059,1211.310059,2072900
9/5/2018,1209.219971,1214.869995,1175.339966,1199.099976,1199.099976,2699400
9/6/2018,1198.569946,1198.98999,1163.609985,1183.98999,1183.98999,2342700
9/7/2018,1172,1188.550049,1169.27002,1177.589966,1177.589966,1632900
9/10/2018,1184.199951,1186.660034,1170.609985,1175.060059,1175.060059,1383500
9/11/2018,1171.099976,1190.939941,1165.949951,1189.98999,1189.98999,1462700
9/12/2018,1182,1190.689941,1166.160034,1171.599976,1171.599976,1785800
9/13/2018,1179.699951,1187.859985,1169.219971,1182.140015,1182.140015,2003400
9/14/2018,1188,1188,1173.52002,1177.97998,1177.97998,1208800
9/17/2018,1177.77002,1181.819946,1158.459961,1159.829956,1159.829956,1704800
9/18/2018,1162.660034,1181.329956,1161.430054,1167.109985,1167.109985,1615700
9/19/2018,1168.959961,1176.27002,1158.619995,1174.27002,1174.27002,1298100
9/20/2018,1180.670044,1194,1176.25,1191.569946,1191.569946,1462200
9/21/2018,1194.920044,1196.579956,1172.060059,1172.119995,1172.119995,4561100
9/24/2018,1159.410034,1185.189941,1151.5,1179.560059,1179.560059,1557500
9/25/2018,1184.25,1196.859985,1174.089966,1193.890015,1193.890015,1657600
9/26/2018,1193.689941,1207.23999,1185.400024,1194.060059,1194.060059,1882500
9/27/2018,1200,1216.859985,1198.050049,1207.359985,1207.359985,1813700
9/28/2018,1204.089966,1208.449951,1197.829956,1207.079956,1207.079956,1780600
10/1/2018,1213,1224.199951,1203.189941,1208.530029,1208.530029,1658200
10/2/2018,1206.670044,1224.52002,1199.660034,1207.640015,1207.640015,2009000
10/3/2018,1212,1214.180054,1202.150024,1211.530029,1211.530029,1312300
10/4/2018,1205.030029,1205.900024,1163.849976,1177.069946,1177.069946,2328800
10/5/2018,1176,1182,1154.319946,1167.829956,1167.829956,1592600
10/8/2018,1160,1175.859985,1135.400024,1155.920044,1155.920044,2309500
10/9/2018,1151.310059,1161.550049,1144.170044,1145.170044,1145.170044,1684500
10/10/2018,1136.400024,1137.02002,1091.51001,1092.160034,1092.160034,2949000
10/11/2018,1079.040039,1116.060059,1075.890015,1090.73999,1090.73999,3384800
10/12/2018,1119.640015,1125.829956,1095.030029,1120.540039,1120.540039,2468500
10/15/2018,1118,1121.800049,1098.219971,1102.439941,1102.439941,1503700
10/16/2018,1113.47998,1136.369995,1111.75,1133.079956,1133.079956,1918900
10/17/2018,1140,1147,1114,1127.589966,1127.589966,1782600
10/18/2018,1130,1132.349976,1086.339966,1097.910034,1097.910034,2307600
10/19/2018,1103.709961,1120.949951,1097.030029,1105.180054,1105.180054,2064300
10/22/2018,1112.51001,1121.689941,1100,1111.369995,1111.369995,1355800
10/23/2018,1091.290039,1118,1079.01001,1114.910034,1114.910034,1884300
10/24/2018,1115,1116.619995,1055.060059,1057.119995,1057.119995,2464300
10/25/2018,1080.300049,1117.819946,1075.550049,1103.589966,1103.589966,3647800
10/26/2018,1048.329956,1117,1042.22998,1083.75,1083.75,5321900
10/29/2018,1096.540039,1108.829956,1007.200012,1034.72998,1034.72998,4064500
10/30/2018,1020.01001,1050.900024,1013.969971,1049.51001,1049.51001,2988400
10/31/2018,1068.199951,1108,1068.199951,1090.579956,1090.579956,3545800
11/1/2018,1091.400024,1099.900024,1077.819946,1085.97998,1085.97998,2006600
11/2/2018,1089,1098,1067.660034,1071.48999,1071.48999,2171900
11/5/2018,1072.530029,1073.349976,1034,1055.72998,1055.72998,2267900
11/6/2018,1055.02002,1079.819946,1053.609985,1069.569946,1069.569946,1433000
11/7/2018,1083.48999,1109.930054,1080.589966,1108.23999,1108.23999,2169400
11/8/2018,1107.300049,1108.219971,1084.359985,1094.630005,1094.630005,1684700
11/9/2018,1084.02002,1088.349976,1064.26001,1077.02002,1077.02002,1743000
11/12/2018,1073.130005,1074.099976,1040.349976,1049.359985,1049.359985,1700100
11/13/2018,1054.810059,1066.670044,1040.400024,1047.969971,1047.969971,1287500
11/14/2018,1060,1065.790039,1041.109985,1054.579956,1054.579956,1733300
11/15/2018,1051.459961,1078.869995,1041.290039,1071.050049,1071.050049,2079200
11/16/2018,1065.22998,1072.439941,1054.900024,1068.27002,1068.27002,1768300
11/19/2018,1063.390015,1068,1022.869995,1027.420044,1027.420044,2284200
11/20/2018,1007.289978,1037.349976,1002.210022,1030.449951,1030.449951,2722900
11/21/2018,1045.310059,1054.709961,1039.459961,1043.430054,1043.430054,1484900
11/23/2018,1033.5,1043,1028.52002,1030.099976,1030.099976,708900
11/26/2018,1044,1057,1039.77002,1055.939941,1055.939941,1577900
11/27/2018,1051.339966,1066.76001,1045.5,1052.280029,1052.280029,1652400
11/28/2018,1057.459961,1092.859985,1042.949951,1091.790039,1091.790039,2302100
11/29/2018,1083.530029,1100.150024,1082,1094.579956,1094.579956,1550200
11/30/2018,1095.630005,1109.650024,1083.180054,1109.650024,1109.650024,2983400
12/3/2018,1132.160034,1135,1111.72998,1116.359985,1116.359985,2876600
12/4/2018,1112.98999,1114.23999,1060.780029,1062.469971,1062.469971,2281500
12/6/2018,1045,1079.420044,1042.47998,1078.079956,1078.079956,2371800
12/7/2018,1072.22998,1085.030029,1039.369995,1046.579956,1046.579956,2134100
12/10/2018,1042.939941,1059.599976,1033,1053.180054,1053.180054,1682600
12/11/2018,1066.939941,1070.400024,1050.099976,1061.650024,1061.650024,1692600
12/12/2018,1077.079956,1091.72998,1071.969971,1073.72998,1073.72998,1448000
12/13/2018,1075.670044,1088.420044,1064.98999,1073.540039,1073.540039,1249300
12/14/2018,1060.02002,1071.719971,1049.369995,1051.709961,1051.709961,1817900
12/17/2018,1047.01001,1062.380005,1016.630005,1025.650024,1025.650024,2496600
12/18/2018,1034,1059.689941,1030.47998,1043.410034,1043.410034,2182000
12/19/2018,1047.290039,1075.709961,1019.429993,1035.459961,1035.459961,2913200
12/20/2018,1026,1047.439941,1007.859985,1023.580017,1023.580017,2683700
12/21/2018,1032.040039,1037.670044,981.190002,991.25,991.25,5232800
12/24/2018,984.320007,1012.119995,977.659973,984.669983,984.669983,1818000
12/26/2018,997.98999,1048.449951,992.650024,1047.849976,1047.849976,2315900
12/27/2018,1026.199951,1053.339966,1007,1052.900024,1052.900024,2299800
12/28/2018,1059.5,1064.22998,1042,1046.680054,1046.680054,1719900
12/31/2018,1057.829956,1062.98999,1033.040039,1044.959961,1044.959961,1655500
1/2/2019,1027.199951,1060.790039,1025.280029,1054.680054,1054.680054,1593400
1/3/2019,1050.670044,1066.26001,1022.369995,1025.469971,1025.469971,2098000
1/4/2019,1042.560059,1080,1036.859985,1078.069946,1078.069946,2301100
1/7/2019,1080.969971,1082.699951,1062.640015,1075.920044,1075.920044,2372300
1/8/2019,1086,1093.349976,1068.349976,1085.369995,1085.369995,1770700
1/9/2019,1087.98999,1091.640015,1074.369995,1081.650024,1081.650024,1349900
1/10/2019,1074.939941,1079.810059,1064.680054,1078.829956,1078.829956,1329900
1/11/2019,1069.900024,1073.369995,1056.430054,1064.469971,1064.469971,1543200
1/14/2019,1053.339966,1058.449951,1048.550049,1051.51001,1051.51001,1424500
1/15/2019,1058.01001,1088.27002,1054.439941,1086.51001,1086.51001,1875900
1/16/2019,1090,1102.359985,1088.01001,1089.51001,1089.51001,1914000
1/17/2019,1087.98999,1100.699951,1083.26001,1099.119995,1099.119995,1244800
1/18/2019,1108.589966,1118,1099.280029,1107.300049,1107.300049,2244600
1/22/2019,1096,1098.969971,1070.890015,1078.630005,1078.630005,1981600
1/23/2019,1086.859985,1092.949951,1067.569946,1084.410034,1084.410034,1259700
1/24/2019,1082.51001,1088,1070.02002,1084,1084,1455700
1/25/2019,1094.22998,1103.359985,1091.800049,1101.51001,1101.51001,1163000
1/28/2019,1090.069946,1093.369995,1074.609985,1079.859985,1079.859985,1466700
1/29/2019,1081.040039,1084.72998,1066.02002,1070.060059,1070.060059,985200
1/30/2019,1077.359985,1099.52002,1076.640015,1097.98999,1097.98999,1472600
1/31/2019,1112.23999,1127.670044,1105.25,1125.890015,1125.890015,2011600
2/1/2019,1122.290039,1134.400024,1114.25,1118.619995,1118.619995,1655800
2/4/2019,1119.01001,1142.339966,1117.51001,1141.420044,1141.420044,3920400
2/5/2019,1129.630005,1152.77002,1123.599976,1151.869995,1151.869995,4114800
2/6/2019,1149.27002,1154,1118.359985,1122.890015,1122.890015,2412800
2/7/2019,1111.819946,1111.98999,1093.589966,1105.910034,1105.910034,1914900
2/8/2019,1094.880005,1105.099976,1094.23999,1102.380005,1102.380005,1088300
2/11/2019,1103.75,1113.430054,1100,1102.119995,1102.119995,924900
2/12/2019,1111.01001,1132.859985,1111.01001,1127.579956,1127.579956,1751800
2/13/2019,1133.040039,1142.849976,1126,1128.630005,1128.630005,1402100
2/14/2019,1125,1136.130005,1117.089966,1129.199951,1129.199951,1055300
2/15/2019,1139.300049,1139.300049,1116.719971,1119.630005,1119.630005,1391300
2/19/2019,1116.640015,1129.640015,1116.640015,1126.51001,1126.51001,1099000
2/20/2019,1128.880005,1130.930054,1111.75,1120.589966,1120.589966,1204500
2/21/2019,1118.780029,1119.150024,1097.97998,1104.209961,1104.209961,1663600
2/22/2019,1109.699951,1117.25,1100.5,1116.560059,1116.560059,1471800
2/25/2019,1121.930054,1125.400024,1114.109985,1117.329956,1117.329956,1310400
2/26/2019,1114.369995,1126.439941,1106.699951,1122.01001,1122.01001,1751300
2/27/2019,1114.01001,1125.72998,1108.560059,1122.890015,1122.890015,1104600
2/28/2019,1119,1133.98999,1118.410034,1126.550049,1126.550049,1371100
3/1/2019,1131,1150,1131,1148.52002,1148.52002,1704300
3/4/2019,1154.560059,1165.52002,1138.25,1153.420044,1153.420044,1774500
3/5/2019,1156,1176.48999,1153.02002,1169.189941,1169.189941,2004700
3/6/2019,1171.76001,1174.73999,1163.050049,1164.939941,1164.939941,1180100
3/7/2019,1160.5,1163.579956,1141.709961,1150.849976,1150.849976,1504300
3/8/2019,1133.900024,1153.449951,1130.199951,1149.969971,1149.969971,1184700
3/11/2019,1152,1179.910034,1151.569946,1179.26001,1179.26001,1501600
3/12/2019,1182.300049,1205.709961,1182.300049,1197.25,1197.25,2111000
3/13/2019,1205.930054,1207.119995,1197.910034,1199.060059,1199.060059,1294400
3/14/2019,1199.02002,1204.699951,1191.22998,1192.530029,1192.530029,1365100
3/15/2019,1198,1201.719971,1187.01001,1190.300049,1190.300049,2594300
3/18/2019,1189.689941,1194.949951,1181.47998,1188.550049,1188.550049,1222100
3/19/2019,1191.719971,1203.410034,1189.459961,1202.459961,1202.459961,1489400
3/20/2019,1201.400024,1229.98999,1199.589966,1226.430054,1226.430054,2075400
3/21/2019,1220,1236.439941,1216.579956,1236.130005,1236.130005,1407500
3/22/2019,1228.849976,1233.630005,1206,1207.650024,1207.650024,1721100
3/25/2019,1199.560059,1209.439941,1190,1197.380005,1197.380005,1378800
3/26/2019,1205.189941,1207.650024,1181.76001,1189.839966,1189.839966,1537600
3/27/2019,1191.920044,1191.920044,1164.22998,1178.01001,1178.01001,1471400
3/28/2019,1175.5,1177.25,1163.430054,1172.27002,1172.27002,1120100
3/29/2019,1180.180054,1183.969971,1166.380005,1176.890015,1176.890015,1544500
4/1/2019,1187.540039,1200.199951,1186.359985,1198.97998,1198.97998,1385300
4/2/2019,1200.050049,1205.810059,1191.23999,1205.540039,1205.540039,914400
4/3/2019,1212.699951,1220.599976,1205.079956,1210.810059,1210.810059,1109000
4/4/2019,1211.290039,1220.550049,1209.040039,1219.449951,1219.449951,1051100
4/5/2019,1219.300049,1220.390015,1210.030029,1211.449951,1211.449951,1000600
4/8/2019,1211.109985,1213.949951,1204.699951,1208.280029,1208.280029,1087500
4/9/2019,1201.890015,1207.150024,1198.380005,1202.689941,1202.689941,983400
4/10/2019,1205.089966,1208.939941,1200.660034,1206.449951,1206.449951,775500
4/11/2019,1208.900024,1212.73999,1204.540039,1209.589966,1209.589966,849900
4/12/2019,1215.619995,1223.050049,1213.290039,1222.72998,1222.72998,1215600
4/15/2019,1224.089966,1229.300049,1214.560059,1226.530029,1226.530029,1189800
4/16/2019,1230,1235.97998,1225.040039,1231.910034,1231.910034,1131100
4/17/2019,1237,1245.099976,1232.900024,1240.140015,1240.140015,1518300
4/18/2019,1245,1245.939941,1239.410034,1241.469971,1241.469971,1237500
4/22/2019,1236.670044,1254.339966,1233.369995,1253.76001,1253.76001,954200
4/23/2019,1256.640015,1274.430054,1251.969971,1270.589966,1270.589966,1593400
4/24/2019,1270.589966,1274,1259.810059,1260.050049,1260.050049,1169800
4/25/2019,1270.300049,1272.800049,1258,1267.339966,1267.339966,1567200
4/26/2019,1273.380005,1278.910034,1265,1277.420044,1277.420044,1361400
4/29/2019,1280.51001,1296.969971,1271.709961,1296.199951,1296.199951,3618400
4/30/2019,1190.630005,1200.97998,1183,1198.959961,1198.959961,6658900
5/1/2019,1197.5,1199.25,1171.680054,1173.319946,1173.319946,3717000
5/2/2019,1172.599976,1179.380005,1158.329956,1166.51001,1166.51001,2254900
5/3/2019,1177.410034,1191.400024,1173.550049,1189.550049,1189.550049,2079400
5/6/2019,1172,1195.430054,1171.160034,1193.459961,1193.459961,1588700
5/7/2019,1185.810059,1194.77002,1165,1178.859985,1178.859985,1830200
5/8/2019,1177.290039,1184.27002,1167.630005,1170.780029,1170.780029,1276000
5/9/2019,1162.599976,1174.069946,1154.640015,1167.969971,1167.969971,1477800
5/10/2019,1168.839966,1176.280029,1146.369995,1167.640015,1167.640015,1582500
5/13/2019,1145.23999,1151.969971,1125.5,1136.589966,1136.589966,2281300
5/14/2019,1142.319946,1144.869995,1123.530029,1124.859985,1124.859985,2019600
5/15/2019,1122.550049,1178.300049,1121.400024,1170.800049,1170.800049,2965100
5/16/2019,1171.839966,1194.160034,1168.449951,1184.5,1184.5,1765400
5/17/2019,1175.829956,1186.290039,1166.420044,1168.780029,1168.780029,1268100
5/20/2019,1153,1153,1138.140015,1144.660034,1144.660034,1530100
5/21/2019,1154.47998,1158,1143.310059,1154.439941,1154.439941,1028100
5/22/2019,1151.25,1163.780029,1151,1155.849976,1155.849976,941300
5/23/2019,1146.069946,1150.050049,1133.160034,1145.339966,1145.339966,1260700
5/24/2019,1152,1154.359985,1136.709961,1138.609985,1138.609985,927700
5/28/2019,1141.47998,1156.48999,1138.670044,1139.560059,1139.560059,1047400
5/29/2019,1132.699951,1135,1111.949951,1119.939941,1119.939941,1811500
5/30/2019,1120.150024,1126.800049,1115.900024,1121.410034,1121.410034,904400
5/31/2019,1105.640015,1113.400024,1103.349976,1106.5,1106.5,1579100
6/3/2019,1066.930054,1067,1027.030029,1038.73999,1038.73999,4844500
6/4/2019,1044.48999,1058.439941,1036.030029,1054.48999,1054.48999,3025600
6/5/2019,1055,1056.810059,1033,1044.640015,1044.640015,2349400
6/6/2019,1046.209961,1050,1035.51001,1047.76001,1047.76001,1451000
6/7/2019,1054.280029,1073.430054,1051.150024,1068.369995,1068.369995,2191400
6/10/2019,1077,1094.839966,1075.280029,1082.76001,1082.76001,1425500
6/11/2019,1096.98999,1104.01001,1079.569946,1081.040039,1081.040039,1675400
6/12/2019,1079.949951,1082.52002,1069.599976,1079.099976,1079.099976,1183500
6/13/2019,1084.709961,1096.589966,1082.569946,1091.01001,1091.01001,1040700
6/14/2019,1089.73999,1094.76001,1081.47998,1086.300049,1086.300049,1229100
6/17/2019,1089.099976,1101.280029,1088,1093.890015,1093.890015,988500
6/18/2019,1111.5,1118.780029,1100.790039,1105.23999,1105.23999,1726300
6/19/2019,1107.23999,1109.430054,1096.030029,1104.51001,1104.51001,1335700
6/20/2019,1121.699951,1122.719971,1107,1113.199951,1113.199951,1200900
6/21/2019,1109.859985,1126.569946,1109.719971,1125.369995,1125.369995,2538700
6/24/2019,1120,1123.569946,1113.310059,1116.699951,1116.699951,1211800
6/25/2019,1115.079956,1115.699951,1084.599976,1087.579956,1087.579956,1582200
6/26/2019,1091,1095.119995,1073.689941,1080.319946,1080.319946,1734900
6/27/2019,1086.75,1088.459961,1075.849976,1076.630005,1076.630005,1203900
6/28/2019,1077.22998,1082.800049,1073.800049,1082.800049,1082.800049,1683600
7/1/2019,1101.040039,1108.589966,1095.329956,1100,1100,1459800
7/2/2019,1104.829956,1112.890015,1099.670044,1112.599976,1112.599976,1031500
7/3/2019,1118.5,1127.98999,1114.849976,1122.98999,1122.98999,1007700
7/5/2019,1119.369995,1134.650024,1117.5,1132.670044,1132.670044,1489700
7/8/2019,1125.869995,1127.209961,1111.76001,1116.790039,1116.790039,1494400
7/9/2019,1110.319946,1127.859985,1107.150024,1124.290039,1124.290039,1473600
7/10/2019,1132.319946,1142.339966,1130.660034,1140.910034,1140.910034,1535500
7/11/2019,1146.160034,1153.23999,1139.530029,1144.079956,1144.079956,1300200
7/12/2019,1142.930054,1147.5,1138.560059,1145.339966,1145.339966,1093900
7/15/2019,1145.339966,1150.680054,1140,1150.51001,1150.51001,1058200
7/16/2019,1146.72998,1158.579956,1146.72998,1153.459961,1153.459961,1267600
7/17/2019,1150.920044,1158.439941,1146.619995,1146.73999,1146.73999,976900
7/18/2019,1142,1148.170044,1132.859985,1147.23999,1147.23999,1272500
7/19/2019,1149.319946,1151.579956,1131.25,1131.550049,1131.550049,1159200
7/22/2019,1135.469971,1140.02002,1125.209961,1139.209961,1139.209961,1445700
7/23/2019,1143.449951,1148.859985,1132.849976,1148.050049,1148.050049,1032400
7/24/2019,1132.619995,1145.459961,1128.51001,1139.72998,1139.72998,1359600
7/25/2019,1138.949951,1143.589966,1123.709961,1135.939941,1135.939941,2738100
7/26/2019,1228,1268.390015,1228,1245.219971,1245.219971,6060800
7/29/2019,1242.5,1248.98999,1230.199951,1241.839966,1241.839966,2069100
7/30/2019,1227,1236.910034,1225.319946,1228,1228,1430800
7/31/2019,1224.869995,1234.910034,1208.180054,1218.199951,1218.199951,1998000
8/1/2019,1217.630005,1236.300049,1207,1211.780029,1211.780029,1771300
8/2/2019,1203,1209.5,1190,1196.319946,1196.319946,1745500
8/5/2019,1172.969971,1176.880005,1142.75,1154.75,1154.75,2392000
8/6/2019,1165.52002,1181.400024,1161.530029,1171.079956,1171.079956,1800700
8/7/2019,1157.800049,1179.869995,1150.839966,1175.910034,1175.910034,1534300
8/8/2019,1186.430054,1206.280029,1174,1206.189941,1206.189941,1505800
8/9/2019,1199.98999,1204.459961,1184.890015,1188.900024,1188.900024,1020900
8/12/2019,1180,1185.609985,1168.719971,1174.5,1174.5,1103200
8/13/2019,1174.349976,1205.430054,1172.98999,1196.72998,1196.72998,1421700
8/14/2019,1176.069946,1182.790039,1161.069946,1164.25,1164.25,1771500
8/15/2019,1168.430054,1176.420044,1163,1169.319946,1169.319946,1425300
8/16/2019,1180.790039,1183.839966,1173,1179.209961,1179.209961,1245800
8/19/2019,1191.829956,1209.390015,1190.400024,1200.439941,1200.439941,1222500
8/20/2019,1195.349976,1198,1183.050049,1183.530029,1183.530029,1010300
8/21/2019,1195.819946,1200.560059,1187.920044,1191.579956,1191.579956,707600
8/22/2019,1193.800049,1198.780029,1178.910034,1191.52002,1191.52002,867600
8/23/2019,1185.170044,1195.670044,1150,1153.579956,1153.579956,1812700
8/26/2019,1159.449951,1171.859985,1154.849976,1171.180054,1171.180054,1058300
8/27/2019,1183,1185,1164.560059,1170.819946,1170.819946,1173000
8/28/2019,1164.869995,1178.5,1160.25,1173.75,1173.75,840500
8/29/2019,1186.420044,1199.189941,1185.280029,1194.23999,1194.23999,981800
8/30/2019,1200.349976,1200.349976,1185.719971,1190.530029,1190.530029,903200
9/3/2019,1181.849976,1189.079956,1163.709961,1169.550049,1169.550049,1295400
9/4/2019,1179.449951,1184.880005,1171.530029,1182.27002,1182.27002,1065600
9/5/2019,1193.660034,1214,1192.689941,1212.189941,1212.189941,1319700
9/6/2019,1209.140015,1212.949951,1203.26001,1206.319946,1206.319946,948600
9/9/2019,1207.079956,1220.550049,1193.170044,1205.27002,1205.27002,1592700
9/10/2019,1196.089966,1210,1196.01001,1205.699951,1205.699951,1396100
9/11/2019,1203.890015,1222.469971,1202.280029,1220,1220,1176100
9/12/2019,1223.469971,1242.420044,1222.560059,1234.969971,1234.969971,1582200
9/13/2019,1232.109985,1241.050049,1227.079956,1240.030029,1240.030029,1183800
9/16/2019,1230.439941,1239.02002,1225.189941,1231.630005,1231.630005,1410900
9/17/2019,1231.630005,1235,1223.349976,1229.880005,1229.880005,1040300
9/18/2019,1230.23999,1236.23999,1216.469971,1232.650024,1232.650024,872000
9/19/2019,1232.319946,1244.339966,1232.310059,1238.75,1238.75,827700
9/20/2019,1233.640015,1242.800049,1223.579956,1229.839966,1229.839966,1884600
9/23/2019,1226.569946,1239.680054,1223.780029,1234.689941,1234.689941,1039900
9/24/2019,1240,1247.109985,1210.640015,1218.329956,1218.329956,1790200
9/25/2019,1216.01001,1248.02002,1209.199951,1245.939941,1245.939941,1339900
9/26/2019,1242.140015,1244.670044,1231.819946,1242.290039,1242.290039,1158300
9/27/2019,1242.829956,1244.98999,1215.199951,1225.949951,1225.949951,1706100
9/30/2019,1220.599976,1227.410034,1213.420044,1221.140015,1221.140015,1223500
10/1/2019,1222.48999,1232.859985,1205.550049,1206,1206,1225200
10/2/2019,1196.5,1198.76001,1172.630005,1177.920044,1177.920044,1651500
10/3/2019,1183.339966,1191,1163.140015,1189.430054,1189.430054,1418400
10/4/2019,1194.290039,1212.459961,1190.969971,1210.959961,1210.959961,1214100
10/7/2019,1207,1218.910034,1204.359985,1208.25,1208.25,852000
10/8/2019,1198.77002,1206.869995,1189.47998,1190.130005,1190.130005,1004300
10/9/2019,1201.329956,1208.459961,1198.119995,1202.400024,1202.400024,797400
10/10/2019,1198.599976,1215.619995,1197.859985,1209.469971,1209.469971,642100
10/11/2019,1224.030029,1228.75,1213.640015,1215.709961,1215.709961,1116500
10/14/2019,1213.890015,1225.880005,1211.880005,1217.77002,1217.77002,664800
10/15/2019,1221.5,1247.130005,1220.920044,1242.23999,1242.23999,1379200
10/16/2019,1241.810059,1254.189941,1238.530029,1243,1243,1149300
10/17/2019,1251.400024,1263.75,1249.869995,1252.800049,1252.800049,1047900
10/18/2019,1254.689941,1258.109985,1240.140015,1244.410034,1244.410034,1581200
10/21/2019,1248.699951,1253.51001,1239.98999,1244.280029,1244.280029,904700
10/22/2019,1244.47998,1248.72998,1239.849976,1241.199951,1241.199951,1143100
10/23/2019,1240.209961,1258.040039,1240.209961,1257.630005,1257.630005,1064100
10/24/2019,1259.109985,1262.900024,1252.349976,1259.109985,1259.109985,1011200
10/25/2019,1252,1268,1249.150024,1264.300049,1264.300049,1355200
10/28/2019,1275,1299.23999,1272.310059,1288.97998,1288.97998,3271400
10/29/2019,1276,1280.800049,1255.609985,1260.660034,1260.660034,2632700
10/30/2019,1255.150024,1268.02002,1250.650024,1260.699951,1260.699951,1460200
10/31/2019,1260,1266.52002,1249.47998,1258.800049,1258.800049,1595200
11/1/2019,1265.800049,1273,1259.709961,1272.25,1272.25,1440600
11/4/2019,1276.109985,1292.5,1276.109985,1289.609985,1289.609985,1531600
11/5/2019,1291.199951,1297.23999,1289.380005,1291.439941,1291.439941,1257400
11/6/2019,1290.089966,1292.98999,1282.27002,1291.01001,1291.01001,1231300
11/7/2019,1294.280029,1322.650024,1293.75,1306.939941,1306.939941,2257000
11/8/2019,1301.52002,1317.109985,1301.52002,1309,1309,1519600
11/11/2019,1304,1304.900024,1295.869995,1298.280029,1298.280029,861700
11/12/2019,1298.569946,1309.349976,1294.23999,1297.209961,1297.209961,1442600
11/13/2019,1293.180054,1302.52002,1292.150024,1296.180054,1296.180054,1026900
11/14/2019,1295,1315.719971,1293.939941,1309.150024,1309.150024,1447400
11/15/2019,1315.050049,1333.540039,1311.890015,1333.540039,1333.540039,1964300
11/18/2019,1332.339966,1333.920044,1316.160034,1319.839966,1319.839966,1399200
11/19/2019,1326.630005,1326.630005,1311.77002,1312.589966,1312.589966,1093200
11/20/2019,1311.359985,1313.209961,1289.209961,1301.859985,1301.859985,1444600
11/21/2019,1299.25,1311.119995,1290.75,1300.140015,1300.140015,1277300
11/22/2019,1303,1306.900024,1289.359985,1293.670044,1293.670044,1388800
11/25/2019,1296.26001,1310.410034,1295.609985,1305.640015,1305.640015,1179500
11/26/2019,1309.910034,1314.01001,1304.040039,1313,1313,1095500
11/27/2019,1315.420044,1317.640015,1309.469971,1312.130005,1312.130005,940400
11/29/2019,1306.599976,1309.949951,1303.22998,1304.089966,1304.089966,640100
12/2/2019,1302.560059,1305.439941,1280.380005,1288.859985,1288.859985,1326900
12/3/2019,1278.660034,1297.22998,1277.050049,1294.73999,1294.73999,1263500
12/4/2019,1306.099976,1324.27002,1303.050049,1318.939941,1318.939941,1775300
12/5/2019,1327,1327.97998,1314.319946,1326.959961,1326.959961,1220400
12/6/2019,1332.75,1342.469971,1331.22998,1339.390015,1339.390015,1648400
12/9/2019,1338.859985,1357.550049,1336.069946,1342.98999,1342.98999,1542100
12/10/2019,1339.939941,1348,1334,1342.890015,1342.890015,880300
12/11/2019,1348.300049,1349.890015,1341.099976,1344.25,1344.25,1024000
12/12/2019,1343.209961,1354.579956,1338.199951,1348.48999,1348.48999,1455700
12/13/2019,1347.900024,1351.349976,1341.660034,1346.869995,1346.869995,1658500
12/16/2019,1355,1363.530029,1350.609985,1360.699951,1360.699951,1406400
12/17/2019,1362.410034,1364.329956,1350.77002,1354.890015,1354.890015,1647400
12/18/2019,1357,1359.430054,1350.459961,1351.910034,1351.910034,1166500
12/19/2019,1351.910034,1357.530029,1348.75,1356.439941,1356.439941,1446100
12/20/2019,1363.099976,1364,1350.72998,1351.219971,1351.219971,2504500
12/23/2019,1358.72998,1361.849976,1348,1350.630005,1350.630005,996800
12/24/2019,1350.209961,1352.01001,1344.170044,1344.430054,1344.430054,673400
12/26/2019,1346.550049,1363.199951,1345.51001,1362.469971,1362.469971,1183100
12/27/2019,1364,1367.050049,1353,1354.640015,1354.640015,1160600
12/30/2019,1356.810059,1357,1337.839966,1339.709961,1339.709961,999700
12/31/2019,1335.790039,1340.660034,1332.130005,1339.390015,1339.390015,975700
1/2/2020,1348.410034,1368.680054,1346.48999,1368.680054,1368.680054,1363900
1/3/2020,1348,1373.75,1347.319946,1361.52002,1361.52002,1170400
1/6/2020,1351.630005,1398.319946,1351,1397.810059,1397.810059,2338400
1/7/2020,1400.459961,1403.5,1391.560059,1395.109985,1395.109985,1716500
1/8/2020,1394.819946,1411.849976,1392.630005,1405.040039,1405.040039,1765700
1/9/2020,1421.930054,1428.680054,1410.209961,1419.790039,1419.790039,1660000
1/10/2020,1429.469971,1434.939941,1419.599976,1428.959961,1428.959961,1312900
1/13/2020,1435.25,1441.47998,1425.369995,1440.030029,1440.030029,1536500
1/14/2020,1440,1442.630005,1427.77002,1430.589966,1430.589966,1303800
1/15/2020,1433.02002,1440.780029,1431.660034,1439.199951,1439.199951,1077500
1/16/2020,1445.449951,1450.699951,1440,1450.160034,1450.160034,1304000
1/17/2020,1462.540039,1480.550049,1456.550049,1479.52002,1479.52002,2621200
1/21/2020,1479,1489.880005,1470.209961,1482.25,1482.25,2446500
1/22/2020,1489.72998,1500.579956,1482.660034,1483.869995,1483.869995,1422900
1/23/2020,1487.550049,1493.5,1480.319946,1484.689941,1484.689941,1332500
1/24/2020,1492.819946,1494.199951,1463.180054,1466.170044,1466.170044,1489300
1/27/2020,1431.540039,1436.579956,1419.5,1431.72998,1431.72998,1706600
1/28/2020,1441.73999,1454.800049,1430.359985,1450.5,1450.5,1486200
1/29/2020,1458.459961,1464.140015,1445.390015,1456.699951,1456.699951,1078300
1/30/2020,1438.099976,1455.25,1435,1454.25,1454.25,1355500
1/31/2020,1467.859985,1469.670044,1427.060059,1432.780029,1432.780029,2191100
2/3/2020,1461.650024,1486.300049,1456.609985,1482.599976,1482.599976,3581800
2/4/2020,1454.48999,1467.339966,1422.030029,1445.410034,1445.410034,4794000
2/5/2020,1463.609985,1464.579956,1429.680054,1446.050049,1446.050049,1818800
2/6/2020,1451.97998,1481.560059,1450.47998,1475.969971,1475.969971,1891100
2/7/2020,1467.390015,1485.25,1465.410034,1479.109985,1479.109985,1418000
2/10/2020,1477.22998,1508.880005,1475.199951,1508.660034,1508.660034,1915100
2/11/2020,1513.27002,1529.880005,1505.449951,1510.060059,1510.060059,1742600
2/12/2020,1515.859985,1520.300049,1508.670044,1518.630005,1518.630005,1552100
2/13/2020,1510,1525.949951,1504,1513.390015,1513.390015,1145700
2/14/2020,1514.530029,1520.050049,1505.550049,1518.72998,1518.72998,1159900
2/18/2020,1514.339966,1530.560059,1511.01001,1519.439941,1519.439941,1282100
2/19/2020,1527.199951,1530.73999,1520.97998,1524.869995,1524.869995,1137300
2/20/2020,1519.01001,1527.069946,1504.26001,1516.98999,1516.98999,1298100
2/21/2020,1504.579956,1510.949951,1478.48999,1483.459961,1483.459961,2126000
2/24/2020,1423.050049,1436.380005,1406.790039,1419.859985,1419.859985,2478000
2/25/2020,1431,1436.849976,1380.420044,1386.319946,1386.319946,2579000
2/26/2020,1394.97998,1413.670044,1376.550049,1390.469971,1390.469971,2488800
2/27/2020,1359.140015,1369.400024,1314.23999,1314.949951,1314.949951,3114500
2/28/2020,1274.310059,1342.449951,1268.209961,1339.25,1339.25,4009900
3/2/2020,1351.390015,1387.469971,1325.199951,1386.319946,1386.319946,2771500
3/3/2020,1397.680054,1408.189941,1329.23999,1337.719971,1337.719971,2830100
3/4/2020,1358.959961,1382.780029,1337,1381.599976,1381.599976,2379900
3/5/2020,1345.550049,1353.630005,1301.640015,1314.76001,1314.76001,2719000
3/6/2020,1269.949951,1302.75,1257.209961,1295.73999,1295.73999,3232000
3/9/2020,1204.959961,1252.72998,1198.040039,1215.790039,1215.790039,3462600
3/10/2020,1254.390015,1275.849976,1214.51001,1275.170044,1275.170044,2743600
3/11/2020,1248.27002,1256.930054,1191.140015,1210.900024,1210.900024,2736600
3/12/2020,1122.619995,1188.75,1108.469971,1111.550049,1111.550049,4716300
3/13/2020,1174.98999,1214.400024,1112.290039,1214.27002,1214.27002,3970000
3/16/2020,1089.609985,1145.469971,1067.079956,1073,1073,4826000
3/17/2020,1090.640015,1126,1049.099976,1118.060059,1118.060059,4159700
3/18/2020,1059.939941,1104.98999,1037,1091.189941,1091.189941,4652200
3/19/2020,1088.219971,1152.609985,1055.550049,1111.670044,1111.670044,3703200
3/20/2020,1130.900024,1138.47998,1062.099976,1068.209961,1068.209961,4143900
3/23/2020,1056.369995,1066.910034,1008.869995,1054.130005,1054.130005,4183600
3/24/2020,1103.97998,1133.329956,1086.430054,1130.01001,1130.01001,3623400
3/25/2020,1124.579956,1146.170044,1083.01001,1101.619995,1101.619995,4516200
3/26/2020,1114.719971,1171.47998,1092.030029,1162.920044,1162.920044,3828100
3/27/2020,1127.469971,1151.050049,1104,1110.26001,1110.26001,3139700
3/30/2020,1132.640015,1151,1098.48999,1146.310059,1146.310059,2936800
3/31/2020,1148.72998,1173.400024,1136.719971,1161.949951,1161.949951,3261400
4/1/2020,1124,1129.420044,1093.48999,1102.099976,1102.099976,2598500
4/2/2020,1100,1122.77002,1093.130005,1117.030029,1117.030029,2820500
4/3/2020,1114.709961,1118.790039,1075.079956,1092.699951,1092.699951,2568700
4/6/2020,1133,1190.75,1125,1183.189941,1183.189941,3166000
4/7/2020,1217.01001,1220.780029,1177.25,1182.560059,1182.560059,3081000
4/8/2020,1203.099976,1214.900024,1183.949951,1207,1207,2016700
4/9/2020,1218.180054,1221.98999,1192.420044,1206.569946,1206.569946,2701400
4/13/2020,1201.5,1214.52002,1182.329956,1210.410034,1210.410034,1935100
4/14/2020,1239.969971,1275.75,1228.540039,1265.22998,1265.22998,3167900
4/15/2020,1246.51001,1275.109985,1234,1257.300049,1257.300049,2111800
4/16/2020,1267.140015,1273.359985,1238.199951,1257.430054,1257.430054,2894800
4/17/2020,1281.699951,1290,1266,1279,1279,2552500
4/20/2020,1269.890015,1276.819946,1256.439941,1261.150024,1261.150024,1764600
4/21/2020,1242.709961,1250,1205,1212.160034,1212.160034,2482400
4/22/2020,1241.109985,1279.880005,1237.199951,1258.410034,1258.410034,2314800
4/23/2020,1265.73999,1288.150024,1260.530029,1271.170044,1271.170044,1710100
4/24/2020,1255,1277.709961,1244,1276.599976,1276.599976,1870100
4/27/2020,1292,1294.099976,1265.060059,1270.859985,1270.859985,2209300
4/28/2020,1283.199951,1284.76001,1230.380005,1232.589966,1232.589966,4035000
4/29/2020,1345,1360.150024,1326.72998,1342.180054,1342.180054,5417900
4/30/2020,1331.359985,1350,1321.5,1346.699951,1346.699951,2792100
5/1/2020,1324.089966,1351.430054,1309.660034,1317.319946,1317.319946,2443600
5/4/2020,1308.130005,1324.469971,1296.01001,1322.900024,1322.900024,1540300
5/5/2020,1337.5,1371.01001,1335.030029,1349.02002,1349.02002,1983300
5/6/2020,1358,1368.689941,1345.130005,1345.430054,1345.430054,1586600
5/7/2020,1361.310059,1376,1352.540039,1369.280029,1369.280029,1532600
5/8/2020,1381.819946,1396.640015,1372.01001,1384.339966,1384.339966,1666300
5/11/2020,1376.790039,1415.530029,1375.5,1403.589966,1403.589966,1635900
5/12/2020,1408.219971,1414.329956,1374.51001,1375.180054,1375.180054,1695900
5/13/2020,1376.160034,1385.329956,1328.01001,1348.329956,1348.329956,2018400
5/14/2020,1333.52002,1357.369995,1323.300049,1356.859985,1356.859985,1833000
5/15/2020,1348.26001,1374.579956,1339,1373.060059,1373.060059,2077200
5/18/2020,1361.579956,1392.76001,1354.199951,1385.180054,1385.180054,2354700
5/19/2020,1385.47998,1392.48999,1373.76001,1374.400024,1374.400024,1579300
5/20/2020,1389.160034,1412.030029,1387.420044,1409.160034,1409.160034,1913100
5/21/2020,1410.98999,1416.459961,1394.390015,1406.75,1406.75,1544700
5/22/2020,1403.900024,1417,1395.949951,1413.23999,1413.23999,1427200
5/26/2020,1441.959961,1445.109985,1419.400024,1421.369995,1421.369995,2229500
5/27/2020,1420,1425.349976,1394.599976,1420.280029,1420.280029,1584200
5/28/2020,1400,1444.459961,1399.079956,1418.23999,1418.23999,1758500
5/29/2020,1420.430054,1436.72998,1415.97998,1433.52002,1433.52002,1852200
6/1/2020,1425.699951,1441.579956,1422.280029,1434.869995,1434.869995,1258100
6/2/2020,1435,1443,1421.609985,1442.310059,1442.310059,1172100
6/3/2020,1442.699951,1449.01001,1431.619995,1439.25,1439.25,1386600
6/4/2020,1436.780029,1441.319946,1406.01001,1414.300049,1414.300049,1349100
6/5/2020,1415.640015,1446.300049,1407.619995,1440.02002,1440.02002,2132100
6/8/2020,1426.280029,1449,1424.47998,1448.040039,1448.040039,1693900
6/9/2020,1445.23999,1467.800049,1442.359985,1452.079956,1452.079956,1681200
6/10/2020,1461.51001,1472.77002,1454.359985,1464.699951,1464.699951,1588100
6/11/2020,1441.030029,1451.599976,1398.410034,1401.900024,1401.900024,2357200
6/12/2020,1425.859985,1434.51001,1385.800049,1412.920044,1412.920044,1833800
6/15/2020,1389.48999,1425,1387.199951,1420.73999,1420.73999,1523400
6/16/2020,1449,1457.170044,1428.98999,1446.469971,1446.469971,1532400
6/17/2020,1452.939941,1462.199951,1435.130005,1452.540039,1452.540039,1530500
6/18/2020,1449.849976,1452.969971,1426.23999,1434.119995,1434.119995,1743100
6/19/2020,1440,1444.5,1419,1424.640015,1424.640015,2639200
6/22/2020,1425.01001,1450.949951,1419.189941,1450.660034,1450.660034,1472100
6/23/2020,1452,1475.199951,1445,1463.97998,1463.97998,1887600
6/24/2020,1463.280029,1475.790039,1430,1432.699951,1432.699951,1579600
6/25/2020,1431.219971,1442.319946,1419.540039,1441.099976,1441.099976,1197900
6/26/2020,1432.630005,1437.02002,1355,1362.540039,1362.540039,4882000
6/29/2020,1360.339966,1398,1351.650024,1397.170044,1397.170044,2253700
6/30/2020,1396.880005,1424,1386.930054,1418.050049,1418.050049,2014300
7/1/2020,1419.170044,1448.47998,1414.180054,1442,1442,2109100
7/2/2020,1451.839966,1488.52002,1451.069946,1469.930054,1469.930054,2860900
7/6/2020,1488.150024,1510,1476.97998,1499.650024,1499.650024,2235600
7/7/2020,1496.130005,1521.319946,1489.699951,1489.920044,1489.920044,2118200
7/8/2020,1500.800049,1511.170044,1492.300049,1503.599976,1503.599976,1588300
7/9/2020,1509.930054,1529.140015,1495.589966,1518.660034,1518.660034,2091800
7/10/2020,1513.25,1541.339966,1500.719971,1539.01001,1539.01001,1795900
7/13/2020,1549.939941,1576.359985,1506.560059,1512.22998,1512.22998,2147700
7/14/2020,1492.790039,1522.800049,1485.930054,1520.859985,1520.859985,1905400
7/15/2020,1523.22998,1536.329956,1497.829956,1516.880005,1516.880005,1551300
7/16/2020,1501.5,1515.910034,1488.27002,1514.920044,1514.920044,1324200
7/17/2020,1516.910034,1523.430054,1498.099976,1516.849976,1516.849976,1713200
7/20/2020,1515,1569.01001,1502.699951,1563.839966,1563.839966,1508300
7/21/2020,1585.030029,1587.050049,1552.619995,1555.920044,1555.920044,1374300
7/22/2020,1555.709961,1566.97998,1543.22998,1564.849976,1564.849976,1224100
7/23/2020,1565.930054,1570.349976,1508.589966,1516.75,1516.75,1695500
7/24/2020,1499.189941,1515.430054,1487.589966,1508.209961,1508.209961,1495100
7/27/2020,1513.26001,1537.560059,1512.329956,1529.430054,1529.430054,1356200
7/28/2020,1525,1526.01001,1500.52002,1503.650024,1503.650024,1545500
7/29/2020,1505,1533.329956,1503.01001,1523.51001,1523.51001,1133800
7/30/2020,1497.969971,1540.890015,1495.170044,1538.369995,1538.369995,1802100
7/31/2020,1497.050049,1505.02002,1454,1487.949951,1487.949951,4573400
8/3/2020,1491,1497.72998,1471.719971,1482.76001,1482.76001,2274100
8/4/2020,1486.709961,1493.109985,1464.030029,1473.300049,1473.300049,1860600
8/5/2020,1476.819946,1490,1471.219971,1479.089966,1479.089966,1456700
8/6/2020,1476.150024,1506.27002,1471.900024,1504.949951,1504.949951,1665300
8/7/2020,1509.040039,1520.089966,1486.27002,1498.369995,1498.369995,1385900
8/10/2020,1490.800049,1507.150024,1477.48999,1496.819946,1496.819946,1027300
8/11/2020,1494,1510.439941,1478.189941,1480.540039,1480.540039,1554900
8/12/2020,1487.119995,1511.670044,1485,1507.23999,1507.23999,1125600
8/13/2020,1508.209961,1536.969971,1508.209961,1516.650024,1516.650024,1119400
8/14/2020,1513.609985,1519.790039,1499,1504.630005,1504.630005,1097100
8/17/2020,1515.969971,1523.780029,1505,1516.23999,1516.23999,999500
8/18/2020,1526.119995,1557.369995,1521.670044,1555.780029,1555.780029,1418900
8/19/2020,1552.48999,1568.859985,1540,1544.609985,1544.609985,1523600
8/20/2020,1539.969971,1580.170044,1534.459961,1576.25,1576.25,1319100
8/21/2020,1571.800049,1591.880005,1562.310059,1575.569946,1575.569946,1741900
8/24/2020,1592.469971,1608.780029,1575.040039,1585.150024,1585.150024,1281900
8/25/2020,1580.099976,1608.880005,1577.880005,1605.849976,1605.849976,1257500
8/26/2020,1606.300049,1652.790039,1600.97998,1644.130005,1644.130005,2609400
8/27/2020,1646.609985,1647.98999,1618.810059,1628.52002,1628.52002,1567500
8/28/2020,1629.469971,1641.349976,1625.609985,1639.430054,1639.430054,1120900
8/31/2020,1643.569946,1644.5,1625.329956,1629.530029,1629.530029,1321100
9/1/2020,1632.160034,1659.219971,1629.530029,1655.079956,1655.079956,1132600
9/2/2020,1668.01001,1726.099976,1660.189941,1717.390015,1717.390015,2476100
9/3/2020,1699.52002,1700,1607.709961,1629.51001,1629.51001,3186300
9/4/2020,1609,1634.98999,1537.969971,1581.209961,1581.209961,2792500
9/8/2020,1525,1555.550049,1516.5,1523.599976,1523.599976,2701600
9/9/2020,1548.900024,1558.719971,1525.170044,1547.22998,1547.22998,1962100
9/10/2020,1550.180054,1573.660034,1520,1526.050049,1526.050049,1651200
9/11/2020,1528.150024,1538.699951,1493.02002,1515.76001,1515.76001,1535300
9/14/2020,1531.650024,1557,1505.109985,1508.829956,1508.829956,2133000
9/15/2020,1527.890015,1550.98999,1522.099976,1535.119995,1535.119995,1152100
9/16/2020,1542.47998,1554.369995,1511.589966,1512.089966,1512.089966,1106400
9/17/2020,1485.810059,1498.660034,1462.459961,1487.040039,1487.040039,2000400
9/18/2020,1488.300049,1495.199951,1431.619995,1451.089966,1451.089966,3152800
9/21/2020,1431.619995,1440.060059,1402.680054,1430.140015,1430.140015,2845400
9/22/2020,1450.319946,1463.969971,1429.5,1459.819946,1459.819946,1697500
9/23/2020,1452.089966,1453.079956,1402.680054,1409.390015,1409.390015,1886300
9/24/2020,1402.680054,1437.98999,1402.150024,1422.859985,1422.859985,1727600
9/25/2020,1425.050049,1445.939941,1407.680054,1439.060059,1439.060059,1516300
9/28/2020,1471.98999,1472.98999,1446.280029,1458.660034,1458.660034,1539200
9/29/2020,1463.910034,1472,1454,1466.02002,1466.02002,1590800
9/30/2020,1460.939941,1486.199951,1455.76001,1465.599976,1465.599976,2046200
10/1/2020,1483.660034,1495.069946,1476.800049,1487.900024,1487.900024,1644200
10/2/2020,1459.630005,1479.030029,1447.349976,1455.599976,1455.599976,1561100
10/5/2020,1462.650024,1484.699951,1460.089966,1482.829956,1482.829956,1080100
10/6/2020,1475.5,1484.52002,1445.01001,1451.02002,1451.02002,1304800
10/7/2020,1459.310059,1468.969971,1433.22998,1459.140015,1459.140015,1805400
10/8/2020,1465.449951,1488.030029,1465.449951,1483.430054,1483.430054,1303800
10/9/2020,1492.859985,1511.849976,1487,1510.449951,1510.449951,1648300
10/12/2020,1538,1588.420044,1529.300049,1564.589966,1564.589966,2767200
10/13/2020,1577.01001,1585.160034,1558.630005,1567.069946,1567.069946,1953600
10/14/2020,1574.599976,1583.849976,1545.900024,1563.439941,1563.439941,1658700
10/15/2020,1544.5,1571.400024,1541.130005,1555.469971,1555.469971,1560500
10/16/2020,1561.829956,1577.709961,1557.660034,1567.699951,1567.699951,1709700
10/19/2020,1575.930054,1583.930054,1522.920044,1529.949951,1529.949951,1486700
10/20/2020,1523.109985,1573.839966,1520.5,1551.079956,1551.079956,2083500
10/21/2020,1569.849976,1615.140015,1567.140015,1585.98999,1585.98999,3016100
10/22/2020,1585,1613.420044,1577.47998,1606.660034,1606.660034,1525600
10/23/2020,1615.050049,1634.119995,1611.910034,1632.97998,1632.97998,1527400
10/26/2020,1615,1629.579956,1567.780029,1584.290039,1584.290039,1791300
10/27/2020,1588.930054,1602,1576.98999,1598.880005,1598.880005,1295100
10/28/2020,1550.01001,1553.810059,1508.47998,1510.800049,1510.800049,2258700
10/29/2020,1517.02002,1588.73999,1516.550049,1556.880005,1556.880005,2770300
10/30/2020,1667.439941,1681.319946,1601.569946,1616.109985,1616.109985,4993900
11/2/2020,1623.540039,1658.23999,1614.23999,1624.319946,1624.319946,2211400
11/3/2020,1630.76001,1659,1612.109985,1645.660034,1645.660034,1571600
11/4/2020,1705.579956,1770.030029,1703,1745.849976,1745.849976,3567100
11/5/2020,1770.449951,1791.819946,1741.030029,1762.5,1762.5,1987900
11/6/2020,1751.339966,1768.5,1736.680054,1759.72998,1759.72998,1431100
11/9/2020,1795.97998,1816.890015,1757.550049,1761.420044,1761.420044,2672000
11/10/2020,1729.77002,1759.380005,1716.119995,1737.719971,1737.719971,2151100
11/11/2020,1748.400024,1762.900024,1743.060059,1747.22998,1747.22998,1591900
11/12/2020,1742,1764.97998,1737.969971,1742.819946,1742.819946,1323700
11/13/2020,1748,1777.130005,1735.97998,1772.26001,1772.26001,1487200
11/16/2020,1764.140015,1794.339966,1761.329956,1774.030029,1774.030029,1273400
11/17/2020,1767.859985,1777.140015,1759.48999,1761.660034,1761.660034,1065700
11/18/2020,1756.640015,1765,1738.569946,1740.640015,1740.640015,1005400
11/19/2020,1733.22998,1763.48999,1730.02002,1758.569946,1758.569946,1005300
11/20/2020,1762,1768.359985,1735,1736.380005,1736.380005,1384700
11/23/2020,1740.219971,1745.98999,1710.180054,1727.560059,1727.560059,1126500
11/24/2020,1727.5,1766.47998,1720.72998,1763.900024,1763.900024,1399200
11/25/2020,1767.810059,1770.380005,1748.359985,1764.130005,1764.130005,980000
11/27/2020,1764.540039,1797.01001,1764.540039,1787.02002,1787.02002,739500
11/30/2020,1775.650024,1780.339966,1747.839966,1754.400024,1754.400024,1620900
12/1/2020,1766.660034,1821.719971,1763.030029,1795.359985,1795.359985,1867500
12/2/2020,1795.359985,1832.73999,1785.170044,1824.969971,1824.969971,1471200
12/3/2020,1820.540039,1843.829956,1817,1821.839966,1821.839966,1236400
12/4/2020,1820.219971,1829.5,1813.589966,1823.76001,1823.76001,1027200
12/7/2020,1815.550049,1829.290039,1803.040039,1817.030029,1817.030029,1114400
12/8/2020,1808.52002,1815.969971,1791.280029,1811.329956,1811.329956,996800
12/9/2020,1810.359985,1828.369995,1762,1777.859985,1777.859985,1586400
12/10/2020,1762.599976,1774.98999,1733.530029,1767.650024,1767.650024,1434400
12/11/2020,1760,1777.310059,1752.73999,1774.800049,1774.800049,931400
12/14/2020,1770.719971,1789.800049,1749.130005,1752.26001,1752.26001,1652500
12/15/2020,1759.859985,1764,1741.670044,1761.079956,1761.079956,1067600
12/16/2020,1769.109985,1769.109985,1749.060059,1757.189941,1757.189941,1233800
12/17/2020,1763.930054,1766.709961,1731.150024,1740.51001,1740.51001,1744000
12/18/2020,1746.170044,1748.359985,1715,1726.219971,1726.219971,4262800
12/21/2020,1709.130005,1737,1694,1734.560059,1734.560059,1698700
12/22/2020,1729.329956,1732.609985,1705.780029,1720.219971,1720.219971,1018500
12/23/2020,1723.930054,1744.109985,1721.199951,1728.22998,1728.22998,1148700
12/24/2020,1729,1742.410034,1724.349976,1734.160034,1734.160034,465600
12/28/2020,1744.910034,1787,1741.819946,1773.959961,1773.959961,1382500
12/29/2020,1787.22998,1788.469971,1755.109985,1757.76001,1757.76001,986300
12/30/2020,1765,1767.76001,1728,1736.25,1736.25,1051300
